Source,Target,Weight
547,607,1
1625,1625,1
1625,1625,1
1,993,1
1159,56,1
1625,1625,1
1625,1625,1
1226,1226,1
415,1092,1
1159,643,1
1,993,1
1625,1625,1
1159,620,1
1159,1558,1
1159,1629,1
1159,1937,1
341,56,1
1625,1625,1
547,453,1
1625,1625,1
1159,1127,1
1159,1386,1
1159,1741,1
1159,72,1
1,993,1
1159,1968,1
1625,1625,1
1625,1625,1
1159,1599,1
1159,1480,1
1159,844,1
1625,1625,1
1625,1625,1
1159,991,1
1159,1274,1
1159,2018,1
1159,1601,1
632,993,1
1625,1625,1
1127,453,1
1625,1625,1
1625,1625,1
1159,340,1
1625,1625,1
1223,993,1
1625,1625,1
1159,313,1
1159,1748,1
1159,1629,1
1625,1625,1
1,993,1
1159,1987,1
1625,1625,1
1625,1625,1
1550,1748,1
1625,1625,1
1625,1625,1
1625,1625,1
1159,1277,1
1159,1770,1
1159,1881,1
1625,1625,1
1159,1632,1
1625,1625,1
1007,278,1
1159,1929,1
1159,56,1
1159,1786,1
1625,1625,1
1159,1105,1
1159,1629,1
1159,278,1
1159,487,1
1625,1625,1
815,815,1
815,815,1
1625,1625,1
1625,1625,1
1000,246,1
1625,1625,1
1000,895,1
1000,246,1
1651,1651,1
1625,1625,1
1625,1625,1
1000,895,1
1625,1625,1
1159,1748,1
1625,1625,1
1625,1625,1
547,453,1
1625,1625,1
1618,1159,1
1618,547,1
1,993,1
1625,1625,1
547,801,1
1159,1599,1
1625,1625,1
1159,453,1
1625,1625,1
1625,1625,1
341,56,1
341,56,1
1625,1625,1
1625,1625,1
1579,895,1
1625,1625,1
1900,246,1
1900,246,1
341,56,1
1159,1123,1
1159,1027,1
341,56,1
341,56,1
1625,1625,1
1625,1625,1
1625,1625,1
1625,1625,1
1625,1625,1
1159,1396,1
1575,453,1
1575,453,1
1575,453,1
1159,892,1
498,246,1
1625,1625,1
1476,246,1
453,1669,1
453,713,1
331,246,1
1625,1625,1
1625,1625,1
1159,934,1
1625,1625,1
1625,1625,1
1159,1558,1
1159,1048,1
1625,1625,1
331,246,1
1651,1651,1
1625,1625,1
1159,2027,1
1625,1625,1
1625,1625,1
1625,1625,1
1625,1625,1
498,246,1
1571,1571,1
498,246,1
1159,1219,1
1625,1625,1
1625,1625,1
1625,1625,1
1339,246,1
1625,1625,1
359,329,1
359,476,1
359,1768,1
359,1987,1
359,1550,1
256,246,1
1625,1625,1
1159,943,1
1159,620,1
1625,1625,1
1625,1625,1
1625,1625,1
1625,1625,1
498,246,1
256,246,1
1,453,1
1,278,1
498,246,1
1625,1625,1
1625,1625,1
1159,869,1
1063,246,1
1159,1587,1
1159,410,1
256,895,1
101,246,1
977,895,1
1159,1748,1
1159,1179,1
256,246,1
1906,1500,1
1906,730,1
1906,140,1
1906,449,1
1161,246,1
1130,246,1
331,246,1
1625,1625,1
1625,1625,1
498,246,1
498,246,1
1625,1625,1
359,895,1
1159,1403,1
1625,1625,1
498,246,1
1159,1039,1
1625,1625,1
1882,993,1
1882,993,1
1882,993,1
1882,993,1
1882,993,1
1625,1625,1
1882,993,1
1882,993,1
1882,993,1
1882,993,1
1882,993,1
1159,923,1
1159,1166,1
1159,1274,1
1159,1910,1
1882,993,1
1882,993,1
1882,993,1
1882,993,1
1159,1610,1
1159,1587,1
1882,993,1
1882,993,1
1882,993,1
1882,993,1
1882,993,1
1882,993,1
1882,993,1
1882,993,1
1882,993,1
1882,993,1
1882,993,1
1882,993,1
1882,993,1
1882,993,1
256,246,1
1882,993,1
1882,993,1
1882,993,1
1882,993,1
1882,993,1
839,839,1
1882,993,1
1882,993,1
1882,993,1
1882,993,1
1882,993,1
1882,993,1
1882,993,1
1882,993,1
1882,993,1
1882,993,1
1882,993,1
1882,993,1
1882,993,1
1882,993,1
1882,993,1
1882,993,1
1882,993,1
1882,993,1
1882,993,1
1882,993,1
1882,993,1
1882,993,1
1882,993,1
1882,993,1
1882,993,1
1882,993,1
1882,993,1
1882,993,1
1882,993,1
1882,993,1
1882,993,1
1882,993,1
1882,993,1
1882,993,1
1882,993,1
1882,993,1
1882,993,1
1882,993,1
1882,993,1
1882,993,1
1882,993,1
1882,993,1
1882,993,1
1882,993,1
1882,993,1
1882,993,1
1882,993,1
1882,993,1
1882,993,1
1882,993,1
1882,993,1
1882,993,1
1882,993,1
1882,993,1
1882,993,1
1882,993,1
1882,993,1
1882,993,1
1882,993,1
1882,993,1
1882,993,1
1882,993,1
1882,993,1
1882,993,1
1882,993,1
1882,993,1
1882,993,1
1882,993,1
1882,993,1
1882,993,1
1882,993,1
1882,993,1
1882,993,1
1882,993,1
1882,993,1
1882,993,1
1882,993,1
1882,993,1
1882,993,1
1882,993,1
1882,993,1
588,246,1
1874,1874,1
1159,1262,1
1159,468,1
1159,1748,1
1272,895,1
498,246,1
1847,246,1
897,1906,1
256,246,1
1729,246,1
1625,1625,1
498,246,1
1412,895,1
1625,1625,1
648,246,1
498,246,1
547,968,1
498,246,1
498,246,1
498,246,1
1043,895,1
1625,1625,1
919,246,1
1159,1648,1
1625,1625,1
1625,1625,1
1159,1070,1
675,1500,1
675,1952,1
991,895,1
675,895,1
1277,1669,1
1277,1277,1
1277,1669,1
1277,1277,1
1625,1625,1
498,246,1
675,1500,1
1827,895,1
498,246,1
498,246,1
547,1631,1
547,1521,1
498,246,1
1251,246,1
1669,313,1
1669,1669,1
1878,1669,1
1878,1878,1
1669,1669,1
1669,886,1
1,352,1
1,1669,1
1,1732,1
1,1669,1
1,1669,1
1,1593,1
1669,1669,1
1669,630,1
271,246,1
1669,1669,1
1669,1826,1
1669,750,1
1669,1669,1
1669,750,1
1669,1669,1
1669,1669,1
1669,1826,1
1,1669,1
1,254,1
1,1669,1
1,752,1
1,1669,1
1,1969,1
1669,1669,1
1669,1172,1
1,1669,1
1,1431,1
1,352,1
1,1669,1
1,1669,1
1,1969,1
1,1669,1
1,1969,1
1669,1669,1
1669,1160,1
1669,1669,1
1669,1160,1
1669,155,1
1669,1669,1
498,246,1
1763,246,1
1,1669,1
1,1431,1
1,1669,1
1,600,1
1669,1669,1
1669,1826,1
1669,1189,1
1669,1669,1
1,1669,1
1,1530,1
1,1669,1
1,1969,1
1878,1669,1
1878,1878,1
1669,1669,1
1669,2017,1
1,352,1
1,1669,1
505,246,1
1159,660,1
1401,246,1
1,1732,1
1,1669,1
1,1732,1
1,1669,1
1,1669,1
1,722,1
1016,895,1
1159,1654,1
498,246,1
836,246,1
836,825,1
498,246,1
1625,1625,1
498,246,1
1669,1669,1
1669,1818,1
1669,1669,1
1669,1160,1
545,895,1
498,246,1
811,246,1
1159,506,1
1343,246,1
1625,1625,1
1,1669,1
1,1969,1
1,1719,1
1,1669,1
1,1669,1
1,1235,1
1,1669,1
1,623,1
498,246,1
1908,895,1
1625,1625,1
1625,1625,1
1625,1625,1
1625,1625,1
1669,1669,1
1669,611,1
1,770,1
1,1669,1
1,455,1
1,1669,1
1669,1669,1
1669,120,1
1,1669,1
1,317,1
120,1669,1
120,120,1
1,1669,1
1,1431,1
1,1669,1
1,1431,1
1,1669,1
1,1260,1
1,1817,1
1,1669,1
1,1817,1
1,1669,1
1647,895,1
1398,1669,1
1398,1398,1
1669,1669,1
1669,1160,1
1669,1669,1
1669,1806,1
1,1669,1
1,1438,1
498,895,1
1624,1238,1
359,453,1
359,895,1
1625,1625,1
1625,1625,1
1,1669,1
1,448,1
1669,1669,1
1669,1734,1
1669,1669,1
1669,1734,1
1,1669,1
1,1969,1
1,1669,1
1,1225,1
1625,1625,1
1,1669,1
1,1824,1
850,246,1
498,246,1
1625,1625,1
1,758,1
1,1669,1
1,1669,1
1,1496,1
1669,1669,1
1669,1004,1
1669,1669,1
1669,1004,1
1669,1669,1
1669,1004,1
1669,1669,1
1669,278,1
1669,1669,1
1669,1878,1
850,869,1
520,56,1
520,246,1
1922,1288,1
1922,246,1
1922,1952,1
498,246,1
1669,1669,1
1669,1277,1
1669,1669,1
1669,1806,1
1,1669,1
1,1225,1
1669,1669,1
1669,1839,1
1,1719,1
1,1669,1
1669,313,1
1669,1669,1
1669,1669,1
1669,585,1
1669,1669,1
1669,1878,1
1,1669,1
1,1985,1
1,1669,1
1,1969,1
1669,750,1
1669,1669,1
1,1669,1
1,1475,1
1625,1625,1
1625,1625,1
1625,1625,1
1625,1625,1
1745,246,1
645,246,1
1272,895,1
520,246,1
1625,1625,1
1517,246,1
1625,1625,1
1625,1625,1
1,1719,1
1,1669,1
1,1719,1
1,1669,1
1,352,1
1,1669,1
1669,1669,1
1669,120,1
1159,869,1
498,246,1
1,352,1
1,1669,1
1,1669,1
1,612,1
1625,1625,1
1,1669,1
1,1448,1
2020,246,1
498,246,1
1273,1810,1
1669,1669,1
1669,120,1
1669,1120,1
1669,1669,1
1669,1669,1
1669,630,1
1596,246,1
1,1669,1
1,27,1
1625,1625,1
545,895,1
1669,1669,1
1669,1550,1
1669,659,1
1669,1669,1
1669,1669,1
1669,1586,1
595,246,1
1,352,1
1,1669,1
1,1669,1
1,1260,1
1627,246,1
1625,1625,1
1625,1625,1
1669,1669,1
1669,1277,1
1,1669,1
1,652,1
1669,1669,1
1669,1878,1
1,1669,1
1,1260,1
1145,246,1
1162,895,1
1669,1669,1
1669,1576,1
1736,246,1
1669,1770,1
1669,1669,1
1669,845,1
1669,1669,1
1669,1669,1
1669,1586,1
1159,1325,1
1145,246,1
787,246,1
1669,1669,1
1669,1839,1
331,246,1
1669,1120,1
1669,1669,1
1669,1120,1
1669,1669,1
1669,1120,1
1669,1669,1
520,56,1
520,246,1
498,246,1
1470,246,1
1,1669,1
1,1375,1
520,56,1
520,246,1
1625,1625,1
498,246,1
1625,1625,1
1625,1625,1
498,246,1
1625,1625,1
498,246,1
1669,1120,1
1669,1669,1
1669,1669,1
1669,1338,1
1669,1669,1
1669,1850,1
1669,768,1
1669,1669,1
1669,1713,1
1669,1669,1
1669,1669,1
1669,1455,1
422,246,1
1669,1669,1
1669,1878,1
1625,1625,1
1669,1669,1
1669,1277,1
1,1669,1
1,1260,1
1,1669,1
1,325,1
1,1669,1
1,644,1
1,1669,1
1,325,1
1,1669,1
1,644,1
1669,1669,1
1669,325,1
1159,359,1
1003,246,1
1625,1625,1
1,1669,1
1,1969,1
1,1669,1
1,1260,1
1,1669,1
1,1431,1
979,246,1
1625,1625,1
1625,1625,1
1,1669,1
1,1969,1
1,1669,1
1,1969,1
1,1669,1
1,1969,1
1,1669,1
1,1391,1
1625,1625,1
498,246,1
1625,1625,1
1625,1625,1
1625,1625,1
1625,1625,1
1,1669,1
1,525,1
1669,966,1
1669,1669,1
1,1669,1
1,525,1
1,352,1
1,1669,1
1,352,1
1,1669,1
422,246,1
1625,1625,1
1,1669,1
1,1448,1
1,1669,1
1,1316,1
1669,26,1
1669,1669,1
1,352,1
1,1669,1
245,245,1
245,1669,1
1,1669,1
1,1969,1
1,1669,1
1,1969,1
498,246,1
1,1669,1
1,612,1
498,246,1
895,279,1
1,1669,1
1,1285,1
1,1669,1
1,1835,1
422,246,1
422,246,1
546,246,1
1077,246,1
1669,1669,1
1669,1822,1
1,1669,1
1,49,1
1,1669,1
1,384,1
1,1669,1
1,1260,1
1,1669,1
1,1969,1
1,1669,1
1,1969,1
498,246,1
520,56,1
498,246,1
1625,1625,1
1669,1669,1
1669,1398,1
1669,1669,1
1669,1398,1
1669,1669,1
1669,1878,1
1669,1669,1
1669,1878,1
1669,1669,1
1669,1878,1
498,246,1
1669,1669,1
1669,321,1
1277,1669,1
1277,1277,1
1839,1669,1
1839,1839,1
498,246,1
498,246,1
1669,1669,1
1669,321,1
1669,1669,1
1669,1031,1
1,1669,1
1,1969,1
1,1669,1
1,1606,1
1669,1669,1
1669,479,1
1669,1669,1
1669,1839,1
1839,1669,1
1839,1839,1
1669,1669,1
1669,1370,1
1669,1669,1
1669,1277,1
1,352,1
1,1669,1
1,1669,1
1,1969,1
1625,1625,1
1669,1669,1
1669,1839,1
1,1732,1
1,1669,1
1,352,1
1,1669,1
498,246,1
1669,352,1
1669,1669,1
1972,246,1
1669,1669,1
1669,1832,1
1669,1669,1
1669,597,1
1669,1669,1
1669,1905,1
1669,155,1
1669,1669,1
1994,895,1
1994,895,1
1669,1189,1
1669,1669,1
1669,1669,1
1669,278,1
1,1732,1
1,1669,1
1,1669,1
1,1235,1
1625,1625,1
310,246,1
446,246,1
1,1669,1
1,1849,1
1669,1669,1
1669,1586,1
1,1669,1
1,1849,1
1,1669,1
1,1431,1
1,1669,1
1,1849,1
1,1669,1
1,1849,1
1,1732,1
1,1669,1
520,56,1
520,246,1
498,246,1
1322,246,1
1115,246,1
103,246,1
498,246,1
318,1,1
1669,1669,1
1669,1398,1
1669,1669,1
1669,1264,1
1669,1669,1
1669,813,1
1669,1669,1
1669,1398,1
1669,26,1
1669,1669,1
1277,1669,1
1277,1277,1
1669,1669,1
1669,2015,1
1669,1669,1
1669,416,1
1669,1669,1
1669,2015,1
1,1732,1
1,1669,1
1,1669,1
1,1028,1
1,1669,1
1,52,1
1669,1669,1
1669,380,1
1669,1669,1
1669,380,1
1,1669,1
1,2029,1
1,1669,1
1,1448,1
1,1669,1
1,1448,1
1669,1669,1
1669,1721,1
1,1669,1
1,1176,1
1,1669,1
1,1176,1
1669,1189,1
1669,1669,1
1669,1669,1
1669,1721,1
1669,1669,1
1669,199,1
498,246,1
1669,1629,1
1669,1669,1
1,1669,1
1,1475,1
1669,1669,1
1669,1277,1
1,1669,1
1,967,1
498,246,1
1625,1625,1
1,993,1
1,1669,1
1,1431,1
1,1669,1
1,1943,1
1,1669,1
1,1849,1
1625,1625,1
1625,1625,1
1669,1669,1
1669,199,1
1669,1669,1
1669,2015,1
1,1669,1
1,52,1
1,1669,1
1,2022,1
1669,1669,1
1669,1277,1
498,246,1
1625,1625,1
498,246,1
1669,1669,1
1669,199,1
1,1669,1
1,1969,1
1,1669,1
1,1969,1
1669,1669,1
1669,1859,1
1,1669,1
1,1849,1
1159,571,1
1624,1238,1
1,1669,1
1,1260,1
1669,1669,1
1669,1171,1
1,1669,1
1,722,1
1,1669,1
1,448,1
1669,1669,1
1669,1633,1
1669,1332,1
1669,1669,1
1,1669,1
1,1075,1
1669,1224,1
1669,1669,1
1,1669,1
1,1969,1
1,1732,1
1,1669,1
498,246,1
1,1669,1
1,1225,1
1277,1669,1
1277,1277,1
1669,1669,1
1669,1507,1
1,1669,1
1,1431,1
1,1669,1
1,612,1
1,1669,1
1,1225,1
1669,1071,1
1669,1669,1
1669,1669,1
1669,868,1
1669,1669,1
1669,868,1
1669,1669,1
1669,868,1
1669,1669,1
1669,868,1
1669,1669,1
1669,868,1
497,246,1
1669,1669,1
1669,868,1
1,1669,1
1,1176,1
1669,1669,1
1669,1721,1
1,1669,1
1,1969,1
1669,1189,1
1669,1669,1
1874,1874,1
1625,1625,1
1669,1669,1
1669,486,1
1669,1669,1
1669,486,1
1,1669,1
1,1260,1
1159,613,1
1669,1120,1
1669,1669,1
1669,1132,1
1669,1669,1
1,1669,1
1,1969,1
1037,449,1
1037,767,1
1037,1159,1
1037,1124,1
1037,1377,1
498,246,1
1625,1625,1
1669,1669,1
1669,1804,1
1669,1669,1
1669,662,1
1669,1669,1
1669,199,1
1669,1669,1
1669,199,1
1669,1669,1
1669,662,1
1,1669,1
1,1969,1
1669,57,1
1669,1669,1
1669,1669,1
1669,1730,1
1669,1669,1
1669,504,1
1669,1669,1
1669,791,1
1,1669,1
1,1969,1
1669,1669,1
1669,1586,1
1669,1669,1
1669,1839,1
1669,1669,1
1669,1917,1
1159,359,1
1159,102,1
498,246,1
1874,1874,1
1339,246,1
498,246,1
1625,1625,1
1669,1669,1
1669,7,1
1,1669,1
1,294,1
1,1669,1
1,950,1
1,1669,1
1,1235,1
1,1732,1
1,1669,1
1,1732,1
1,1669,1
1669,212,1
1669,1669,1
1,1669,1
1,2022,1
498,246,1
1,1669,1
1,1431,1
1,1669,1
1,1969,1
1,1669,1
1,1431,1
1669,155,1
1669,1669,1
1,1669,1
1,1969,1
1,1669,1
1,1969,1
1669,57,1
1669,1669,1
1669,1189,1
1669,1669,1
1669,1669,1
1669,1721,1
1669,1669,1
1669,791,1
1669,1669,1
1669,1277,1
1669,1669,1
1669,1826,1
498,246,1
1625,1625,1
1,1669,1
1,1765,1
120,1669,1
120,120,1
1,1669,1
1,1448,1
1669,1120,1
1669,1669,1
1,1669,1
1,1448,1
1669,1228,1
1669,1669,1
1,1669,1
1,1969,1
1,1669,1
1,1235,1
1669,1669,1
1669,1277,1
1669,1669,1
1669,1586,1
1586,1669,1
1586,1586,1
1586,1669,1
1586,1586,1
1669,1120,1
1669,1669,1
1669,1669,1
1669,1277,1
1,1669,1
1,1235,1
498,246,1
1,1669,1
1,1235,1
1,770,1
1,1669,1
1,1669,1
1,1969,1
1,1669,1
1,1530,1
1,1669,1
1,1530,1
1120,1120,1
1120,1669,1
1669,1120,1
1669,1669,1
1669,1669,1
1669,1783,1
498,246,1
1159,1541,1
1277,1669,1
1277,1277,1
1669,1669,1
1669,630,1
1,352,1
1,1669,1
1669,1669,1
1669,7,1
1669,1669,1
1669,9,1
1,1669,1
1,1849,1
1669,1189,1
1669,1669,1
1,1669,1
1,1969,1
1669,1189,1
1669,1669,1
1669,1669,1
1669,1951,1
498,246,1
1669,1669,1
1669,985,1
1669,1669,1
1669,9,1
1669,1120,1
1669,1669,1
1669,1120,1
1669,1669,1
1120,1120,1
1120,1669,1
1669,1120,1
1669,1669,1
1669,1120,1
1669,1669,1
1669,1669,1
1669,597,1
1669,1669,1
1669,171,1
498,246,1
1625,1625,1
1,1669,1
1,1969,1
1669,1669,1
1669,1783,1
1669,1669,1
1669,1586,1
1,1766,1
1,1669,1
1669,1002,1
1669,1669,1
1669,1002,1
1669,1669,1
1669,1669,1
1669,537,1
498,246,1
1625,1625,1
1,1509,1
1,1669,1
1669,1189,1
1669,1669,1
1,1669,1
1,1836,1
1,1732,1
1,1669,1
1669,1189,1
1669,1669,1
1669,1669,1
1669,1839,1
1341,246,1
1,1669,1
1,1849,1
498,246,1
1669,1669,1
1669,1235,1
1669,26,1
1669,1669,1
497,246,1
1079,1005,1
498,246,1
474,246,1
1669,1189,1
1669,1669,1
1,352,1
1,1669,1
1669,1669,1
1669,1004,1
1,993,1
110,246,1
1669,1189,1
1669,1669,1
1669,1669,1
1669,1878,1
1669,1669,1
1669,1568,1
1,1726,1
1,1669,1
1669,1669,1
1669,1898,1
1669,1669,1
1669,1898,1
1669,1669,1
1669,1586,1
1669,1669,1
1669,985,1
1669,1669,1
1669,1878,1
498,246,1
700,246,1
1625,1625,1
1669,1669,1
1669,1507,1
1669,1669,1
1669,1564,1
1,1669,1
1,1176,1
1,1669,1
1,1260,1
1,1766,1
1,1669,1
1,1669,1
1,314,1
1,1669,1
1,314,1
1669,1669,1
1669,413,1
1669,1669,1
1669,1586,1
498,246,1
1625,1625,1
1258,1258,1
1669,1669,1
1669,1440,1
1669,247,1
1669,1669,1
1669,247,1
1669,1669,1
1669,1669,1
1669,1296,1
1669,1669,1
1669,1951,1
1669,1669,1
1669,1951,1
1669,1189,1
1669,1669,1
702,1669,1
702,702,1
1669,1669,1
1669,1878,1
1669,1669,1
1669,1878,1
1156,246,1
1,993,1
1,1669,1
1,1431,1
1,1669,1
1,1431,1
1669,1669,1
1669,1917,1
1669,1669,1
1669,2027,1
247,247,1
247,1669,1
1625,1625,1
1277,1669,1
1277,1277,1
1669,1669,1
1669,413,1
1,1669,1
1,1475,1
1669,1669,1
1669,1004,1
1625,1625,1
1669,1669,1
1669,1586,1
1625,299,1
1625,1625,1
1159,1629,1
1159,1629,1
1625,1625,1
498,246,1
1,1669,1
1,1969,1
1669,1669,1
1669,1586,1
498,246,1
1,1669,1
1,1431,1
1,1732,1
1,1669,1
1669,1669,1
1669,1839,1
1,1732,1
1,1669,1
498,246,1
1669,1669,1
1669,1586,1
1,352,1
1,1669,1
110,246,1
979,246,1
1,1669,1
1,530,1
1,1669,1
1,1260,1
1,1732,1
1,1669,1
1625,1625,1
1,1669,1
1,644,1
1323,1669,1
1323,1323,1
1,242,1
1,1669,1
1,1669,1
1,1448,1
498,246,1
673,246,1
498,246,1
1,352,1
1,1669,1
1,352,1
1,1669,1
1277,1669,1
1277,1277,1
911,246,1
110,246,1
1,1669,1
1,1496,1
1669,1669,1
1669,1839,1
1669,1669,1
1669,674,1
1,1669,1
1,1260,1
1669,1669,1
1669,674,1
1669,1669,1
1669,674,1
749,1669,1
749,749,1
1159,1768,1
1,1669,1
1,1969,1
1669,1669,1
1669,1826,1
498,246,1
498,246,1
911,246,1
1,1669,1
1,552,1
1842,246,1
1,1669,1
1,317,1
1,1669,1
1,317,1
1,1669,1
1,1260,1
110,246,1
1,1669,1
1,1643,1
1,1669,1
1,1643,1
1,1646,1
1,1669,1
498,246,1
1,1669,1
1,1448,1
110,246,1
498,246,1
1,1669,1
1,16,1
498,246,1
2006,453,1
2006,895,1
2006,1287,1
217,1151,1
217,841,1
1,1669,1
1,1969,1
673,246,1
1277,1669,1
1277,1277,1
1,1669,1
1,1235,1
1669,1669,1
1669,1586,1
1669,1669,1
1669,1839,1
1,1669,1
1,1969,1
1,1669,1
1,1448,1
1,1669,1
1,1475,1
498,246,1
1,1669,1
1,1247,1
1,1669,1
1,644,1
1,1669,1
1,1534,1
1,1669,1
1,1643,1
1669,1669,1
1669,1277,1
1669,1669,1
1669,1586,1
1,1669,1
1,1260,1
498,246,1
1,1669,1
1,1448,1
1,1669,1
1,1225,1
1878,1669,1
1878,1878,1
498,246,1
498,246,1
1,1669,1
1,1969,1
1,1669,1
1,742,1
1,1669,1
1,123,1
1669,1669,1
1669,1826,1
1625,1625,1
1,1669,1
1,1969,1
1669,1770,1
1669,1669,1
1669,1669,1
1669,479,1
1669,1669,1
1669,1586,1
1669,155,1
1669,1669,1
1669,552,1
498,246,1
1669,1669,1
1669,1839,1
911,246,1
1277,1669,1
1277,1277,1
1,1669,1
1,1448,1
110,246,1
1625,1625,1
498,246,1
547,1840,1
1398,1669,1
1398,1398,1
1398,1669,1
1398,1398,1
1398,1669,1
1398,1398,1
1625,1625,1
1,1669,1
1,612,1
1,1669,1
1,612,1
1,1669,1
1,1696,1
1625,1625,1
1625,1625,1
1625,1625,1
1669,1669,1
1669,1826,1
1669,1669,1
1669,1826,1
1,1669,1
1,752,1
1277,1669,1
1277,1277,1
1625,1625,1
1625,1,1
220,56,1
1625,1625,1
841,1151,1
217,1151,1
217,841,1
498,246,1
1625,1625,1
1374,1706,1
1198,1144,1
1768,1874,1
1120,1874,1
1120,1768,1
1768,1120,1
412,1874,1
737,1144,1
1380,1144,1
737,1144,1
737,1144,1
1874,1440,1
1874,1120,1
1874,1768,1
1586,1874,1
1586,1874,1
1874,1586,1
1586,1874,1
1586,1258,1
1586,999,1
1586,1874,1
1586,1874,1
1586,1258,1
1586,999,1
1874,1440,1
1380,1144,1
1239,1144,1
1380,1144,1
1198,1144,1
1578,1144,1
1578,1198,1
1578,1144,1
1578,1239,1
1278,1144,1
1258,1874,1
1706,1061,1
1874,1258,1
1440,1258,1
1440,1258,1
1440,1874,1
1258,1440,1
1258,1144,1
1258,1440,1
1440,1258,1
1198,1144,1
1578,1144,1
1578,1198,1
1278,1578,1
1278,1144,1
1278,1198,1
1278,1578,1
1278,1144,1
1278,1198,1
1278,1578,1
1278,1144,1
1278,1198,1
341,1706,1
1809,1706,1
1198,1278,1
1894,1144,1
903,1278,1
903,1198,1
1380,1144,1
1874,1440,1
1737,115,1
999,1258,1
1894,999,1
999,1586,1
1874,1440,1
1874,1586,1
1874,999,1
1258,1894,1
1278,1894,1
1278,1258,1
723,1144,1
903,1144,1
903,723,1
1,1751,1
1874,1751,1
1380,1144,1
1874,1899,1
1380,1144,1
1278,903,1
1278,1144,1
1278,723,1
903,1144,1
903,1380,1
1930,412,1
1930,1768,1
1930,1874,1
1930,817,1
1380,1144,1
346,1706,1
1751,1874,1
1522,1874,1
1522,1899,1
498,1706,1
1380,1144,1
1380,1144,1
1874,1522,1
1874,1899,1
1278,1144,1
1522,1874,1
1522,1899,1
1751,1874,1
1874,1522,1
1874,1899,1
1874,151,1
1874,1751,1
1874,1586,1
1874,1258,1
1874,999,1
341,1706,1
1440,1874,1
1874,1586,1
1874,1839,1
1198,1144,1
2027,453,1
453,2027,1
1737,115,1
2027,453,1
453,2027,1
2027,453,1
1737,115,1
2027,453,1
453,2027,1
713,453,1
2027,713,1
2027,713,1
1625,355,1
2027,713,1
713,2027,1
1037,1444,1
1037,80,1
1037,1159,1
1037,1377,1
1374,1706,1
1258,535,1
1258,1049,1
1380,1144,1
1037,1377,1
1037,1773,1
1037,1159,1
1037,449,1
1278,1144,1
1894,1144,1
1278,1144,1
1874,350,1
1874,151,1
1874,1258,1
1874,1751,1
1894,1144,1
1992,1278,1
1992,1144,1
852,1278,1
852,1144,1
1992,1144,1
1992,1894,1
1278,1144,1
1894,1144,1
1586,1874,1
1586,151,1
1586,1258,1
1586,1751,1
1992,1278,1
1992,1144,1
1278,1144,1
1894,1144,1
1874,1258,1
1874,535,1
1874,151,1
1874,1586,1
1874,1258,1
1874,1751,1
1278,1144,1
1992,1144,1
1992,1894,1
1894,1144,1
1440,1874,1
1894,1144,1
1278,1144,1
1278,1144,1
1874,350,1
1874,151,1
1874,1258,1
1874,1751,1
1440,1874,1
1440,1258,1
1440,999,1
1440,1874,1
1440,1258,1
1874,1440,1
1874,1258,1
1874,999,1
1874,350,1
1874,151,1
1874,1258,1
1874,1751,1
1874,1586,1
1874,1440,1
1874,1258,1
1501,1278,1
1586,1874,1
1874,1440,1
1874,1258,1
1198,852,1
1380,1144,1
1586,1874,1
1278,1144,1
1992,1278,1
1992,1144,1
1440,1874,1
1278,1144,1
852,1278,1
852,1144,1
1278,1144,1
1440,1874,1
1874,1586,1
1874,1987,1
1874,1874,1
1992,1278,1
1992,1144,1
1894,1144,1
1894,1144,1
1278,1144,1
1894,1144,1
1987,1874,1
1992,1144,1
1992,1894,1
1246,1159,1
1278,1144,1
1992,1278,1
1992,1144,1
465,1874,1
1278,1144,1
1894,1144,1
1992,1278,1
1992,1144,1
1278,1144,1
1894,1144,1
151,350,1
151,1874,1
151,795,1
151,1751,1
1278,1144,1
1894,1144,1
1278,1144,1
1278,1144,1
1278,1144,1
1992,1992,1
1874,1440,1
1278,1874,1
1278,1874,1
1258,1278,1
12,1179,1
12,1874,1
12,465,1
12,1792,1
12,511,1
12,1874,1
350,1751,1
350,1874,1
350,1258,1
350,151,1
1731,1120,1
1731,1874,1
1731,1974,1
1731,1987,1
1731,1792,1
1731,465,1
1731,1768,1
737,1144,1
737,628,1
737,553,1
737,737,1
737,737,1
1380,1144,1
1380,1144,1
511,12,1
34,1144,1
1239,1144,1
1809,1706,1
1258,1768,1
1258,1874,1
1258,1792,1
1706,465,1
1258,350,1
1706,1926,1
1753,1706,1
1753,1911,1
511,1874,1
511,1258,1
1278,1144,1
1258,1843,1
1198,1144,1
1278,1144,1
1258,511,1
1198,1144,1
1258,21,1
535,1258,1
1277,453,1
346,1706,1
1258,21,1
1198,1144,1
1258,1144,1
1580,1144,1
1580,1198,1
350,1258,1
1514,1706,1
412,1717,1
1037,1444,1
1037,80,1
1037,1159,1
1037,1377,1
1258,1874,1
1258,1998,1
1258,999,1
691,453,1
453,691,1
1843,1258,1
1717,453,1
1717,1563,1
1874,350,1
1874,1258,1
1120,1874,1
498,1159,1
498,1706,1
605,1144,1
1580,1144,1
1580,605,1
1874,1586,1
1874,1120,1
1586,1874,1
1120,1874,1
1037,1444,1
1037,80,1
1037,1159,1
1037,1377,1
1037,1444,1
1037,80,1
1037,1159,1
1037,1377,1
350,1874,1
350,1258,1
1580,1144,1
1580,1239,1
737,1737,1
1278,737,1
737,1278,1
1258,1144,1
1258,350,1
1380,1144,1
1380,1144,1
1380,1144,1
1500,1238,1
1797,1701,1
1737,115,1
1157,1159,1
1932,1874,1
793,1889,1
164,1706,1
793,1889,1
539,1874,1
1728,1706,1
793,1889,1
223,1159,1
1374,1706,1
1198,1144,1
1797,1701,1
793,1889,1
793,1889,1
1992,1144,1
1380,1144,1
1380,1144,1
511,511,1
511,511,1
511,511,1
511,511,1
511,511,1
511,511,1
511,1144,1
1440,1258,1
511,1874,1
453,691,1
1380,1144,1
1246,1159,1
1238,895,1
691,453,1
1874,1440,1
1874,1258,1
1037,1377,1
1037,1159,1
1037,449,1
737,1144,1
1198,1144,1
1440,1874,1
1440,1874,1
1440,1874,1
1380,1144,1
1440,1874,1
1440,1258,1
1440,999,1
1198,1992,1
1198,1144,1
228,1159,1
737,1144,1
1963,1586,1
1963,1258,1
764,1159,1
793,1889,1
453,1948,1
1800,1159,1
1974,1874,1
1874,1874,1
1874,1180,1
1198,1144,1
92,1144,1
999,1258,1
1874,1120,1
895,1525,1
895,1238,1
34,1198,1
453,691,1
793,1889,1
713,1287,1
713,1287,1
1998,34,1
1998,1198,1
453,1948,1
713,1287,1
1874,1874,1
1874,1818,1
1874,284,1
476,1287,1
805,1159,1
476,691,1
1120,1874,1
1874,1258,1
1874,999,1
1874,1440,1
691,476,1
476,691,1
691,453,1
691,476,1
476,691,1
737,1144,1
691,476,1
1669,702,1
1894,1144,1
1278,1751,1
737,1144,1
1440,1874,1
1669,702,1
1287,476,1
605,1144,1
476,1287,1
1669,56,1
1669,56,1
1669,56,1
1669,56,1
1669,56,1
1287,713,1
1287,713,1
1770,1963,1
1770,22,1
1963,1770,1
1963,22,1
1258,1874,1
1874,1911,1
713,1287,1
1287,713,1
1550,691,1
465,1179,1
465,1874,1
465,1792,1
34,1144,1
1287,713,1
1287,713,1
511,1874,1
1586,1963,1
511,1874,1
511,1874,1
511,1874,1
511,1874,1
511,1874,1
511,1874,1
1998,1874,1
1998,1258,1
1874,203,1
1874,329,1
1874,1987,1
1874,412,1
1874,1586,1
1874,362,1
1874,350,1
1874,1768,1
1380,1144,1
1894,1144,1
1258,1998,1
585,1144,1
1792,1179,1
1792,1874,1
1792,465,1
1844,1144,1
1844,585,1
511,1874,1
465,1179,1
465,1874,1
465,1792,1
691,1550,1
278,1629,1
1874,350,1
1874,1258,1
1874,1963,1
479,999,1
479,794,1
479,1874,1
479,1987,1
479,1767,1
479,419,1
479,412,1
479,1911,1
479,1587,1
479,852,1
1179,1792,1
1179,1874,1
1179,465,1
1669,1876,1
1669,1876,1
1287,1876,1
1874,511,1
1874,1369,1
1550,691,1
1963,1874,1
1963,1258,1
1963,411,1
1874,585,1
1874,1440,1
1874,1278,1
1874,411,1
1669,702,1
1669,713,1
702,1669,1
702,713,1
702,1669,1
702,713,1
1669,794,1
1874,411,1
1874,1963,1
1874,1258,1
1287,1876,1
1874,376,1
453,691,1
691,1550,1
1669,1586,1
1550,691,1
476,691,1
476,1550,1
1239,1144,1
1278,1144,1
1669,1586,1
1874,1874,1
1874,1874,1
1998,1278,1
1998,1144,1
1669,1120,1
1669,1669,1
1882,1874,1
1278,1144,1
1669,1120,1
1669,1669,1
1874,284,1
245,1058,1
245,410,1
245,453,1
245,329,1
245,1906,1
245,1587,1
245,1987,1
245,1768,1
1669,56,1
1669,56,1
1669,56,1
1669,56,1
1669,56,1
691,476,1
585,1874,1
585,411,1
585,1963,1
585,1258,1
511,1874,1
511,1369,1
1987,1874,1
1287,990,1
1440,1874,1
1440,1258,1
1440,999,1
1669,1906,1
1278,1874,1
1278,1258,1
1278,1998,1
1440,1874,1
1440,1258,1
1440,999,1
793,1889,1
869,56,1
869,56,1
869,56,1
869,56,1
869,56,1
869,56,1
278,900,1
1287,2006,1
1669,630,1
794,1669,1
794,38,1
1278,1144,1
263,1159,1
1,1669,1
1,1260,1
730,1669,1
1669,730,1
87,1159,1
730,1669,1
1844,1144,1
1844,1239,1
1813,1669,1
1813,1669,1
987,1159,1
411,1874,1
411,614,1
793,1889,1
1669,155,1
203,1874,1
793,1889,1
1278,1751,1
1258,1874,1
1440,1874,1
1440,1258,1
1440,999,1
993,869,1
993,1669,1
993,1669,1
1669,993,1
1380,1144,1
1239,1144,1
1440,1874,1
1440,1258,1
1440,999,1
1874,1586,1
1278,1874,1
1278,1258,1
1278,1998,1
1758,1159,1
1874,1440,1
1874,1258,1
1874,999,1
1874,1278,1
1874,1258,1
1874,1998,1
1874,1987,1
1440,1874,1
1874,1440,1
1874,1440,1
1874,1258,1
1874,999,1
1874,1440,1
1874,1258,1
1874,999,1
993,1669,1
993,1669,1
1258,1874,1
1258,1440,1
137,1159,1
453,895,1
453,895,1
1440,1874,1
1440,1258,1
1440,999,1
1586,1874,1
1874,1362,1
1669,453,1
1669,453,1
1440,1258,1
895,1544,1
1440,1874,1
453,56,1
453,56,1
453,56,1
453,56,1
453,56,1
453,56,1
1874,1440,1
1874,1258,1
511,1874,1
511,1440,1
1440,1874,1
362,1874,1
362,1768,1
465,1874,1
38,1669,1
1844,1278,1
1844,1144,1
1874,1987,1
1440,1874,1
1287,2006,1
1669,1619,1
1813,453,1
1813,1619,1
1813,1669,1
1619,1669,1
1874,465,1
1874,1586,1
1874,1930,1
1874,457,1
155,1669,1
457,1874,1
1874,1278,1
1874,1751,1
1874,457,1
137,1159,1
1669,702,1
1669,713,1
1380,1144,1
1198,34,1
1198,1998,1
457,1874,1
1287,1669,1
1287,1876,1
1287,1669,1
1287,1876,1
793,1889,1
895,1669,1
1198,1144,1
1578,1144,1
1578,1380,1
412,1874,1
412,1768,1
412,362,1
1278,1874,1
1278,1751,1
1768,412,1
691,1669,1
511,21,1
1874,412,1
1874,1768,1
412,1768,1
412,1874,1
740,1706,1
1369,1120,1
1369,465,1
1369,14,1
1369,1576,1
1369,203,1
1369,641,1
1369,410,1
1369,794,1
1369,1874,1
1369,272,1
1369,165,1
1369,1323,1
1369,585,1
1369,852,1
1369,47,1
1369,120,1
1369,999,1
1369,453,1
1369,1019,1
1369,1987,1
1369,1894,1
1369,1586,1
1369,1258,1
1369,1792,1
1369,1587,1
1369,1430,1
1369,1670,1
1369,980,1
1369,306,1
1369,690,1
1369,1743,1
1369,329,1
1369,1963,1
1369,419,1
1369,558,1
1369,412,1
1369,1501,1
1369,817,1
1369,266,1
1369,1434,1
1369,217,1
1369,1467,1
1369,25,1
1369,457,1
1369,1522,1
1369,890,1
1369,1241,1
1369,24,1
1369,1976,1
1369,511,1
1369,1440,1
1369,1179,1
1369,1839,1
1369,1120,1
1369,465,1
1369,14,1
1369,1576,1
1369,203,1
1369,641,1
1369,410,1
1369,794,1
1369,1874,1
1369,272,1
1369,165,1
1369,1323,1
1369,585,1
1369,852,1
1369,47,1
1369,120,1
1369,999,1
1369,453,1
1369,1019,1
1369,1987,1
1369,1894,1
1369,1586,1
1369,1258,1
1369,1792,1
1369,1587,1
1369,1430,1
1369,1670,1
1369,980,1
1369,306,1
1369,690,1
1369,1743,1
1369,329,1
1369,1963,1
1369,419,1
1369,558,1
1369,412,1
1369,1501,1
1369,817,1
1369,266,1
1369,1434,1
1369,217,1
1369,1467,1
1369,25,1
1369,457,1
1369,1522,1
1369,890,1
1369,1241,1
1369,24,1
1369,1976,1
1369,511,1
1369,1440,1
1369,1179,1
1369,1839,1
465,1874,1
1998,21,1
1998,511,1
1037,1981,1
1037,80,1
1037,1306,1
1037,1159,1
1037,1377,1
1278,1899,1
1037,1981,1
1037,80,1
1037,1306,1
1037,1159,1
1037,1377,1
1287,990,1
1287,1435,1
1278,21,1
1278,511,1
1278,1998,1
1291,1291,1
1258,1874,1
1258,1963,1
1258,1998,1
1258,999,1
1287,1669,1
1287,1669,1
1277,1669,1
1277,1669,1
1983,1159,1
841,1151,1
1522,1278,1
1522,1899,1
1839,690,1
999,1963,1
999,1874,1
999,1258,1
999,1998,1
1277,453,1
1522,1151,1
1522,841,1
1669,691,1
1669,1876,1
1669,1876,1
1277,453,1
453,1277,1
1998,1151,1
1998,1522,1
1998,841,1
1998,1874,1
1998,1258,1
1998,1151,1
1998,1522,1
1998,841,1
1998,1874,1
1998,1258,1
1277,453,1
1510,453,1
793,1889,1
999,1963,1
999,1874,1
999,1258,1
999,1998,1
1258,1874,1
1258,1963,1
1258,1998,1
1258,999,1
793,1889,1
999,1963,1
999,1874,1
999,1258,1
999,1998,1
476,691,1
159,575,1
999,1874,1
1258,1899,1
284,1874,1
1586,1278,1
713,151,1
479,1586,1
479,151,1
585,1899,1
1586,479,1
1198,1144,1
1328,1287,1
1328,713,1
217,1258,1
217,1899,1
511,217,1
511,1258,1
511,1899,1
1287,1287,1
1287,1287,1
1198,1144,1
1258,1586,1
1258,1874,1
1159,1690,1
1586,1258,1
1258,1586,1
376,1706,1
793,1889,1
1586,1258,1
1515,278,1
2028,453,1
2028,453,1
1302,1287,1
2028,453,1
350,1258,1
350,1706,1
1037,1377,1
1037,1159,1
1037,449,1
1159,1690,1
1874,1144,1
1239,1144,1
793,1889,1
1876,1287,1
737,1144,1
737,34,1
1876,1287,1
1974,21,1
999,1874,1
999,1258,1
476,691,1
1,453,1
376,1874,1
1380,1144,1
1287,453,1
1287,453,1
1874,1911,1
34,1144,1
411,1522,1
411,1899,1
1522,1899,1
1522,411,1
1720,246,1
1987,794,1
1987,1179,1
1987,1874,1
1987,419,1
1987,412,1
1987,1792,1
1987,1587,1
1987,852,1
1440,1874,1
1440,1258,1
1440,999,1
1792,794,1
1792,1179,1
1792,1874,1
1792,1987,1
1792,419,1
1792,412,1
1792,1587,1
1792,852,1
1258,1874,1
1258,1440,1
1258,999,1
1669,702,1
1198,1144,1
702,1669,1
1669,702,1
1669,1586,1
1669,1839,1
702,1669,1
1669,702,1
155,1277,1
155,453,1
999,1587,1
999,1874,1
999,852,1
1164,278,1
511,1874,1
511,999,1
1874,511,1
1874,1839,1
1874,690,1
1586,1874,1
730,1669,1
1874,21,1
1669,730,1
350,1874,1
1278,21,1
1278,1874,1
1874,1586,1
1874,284,1
155,1277,1
155,453,1
1874,1587,1
1874,852,1
1874,999,1
1440,1278,1
1963,21,1
1963,1874,1
1992,1144,1
1992,1198,1
852,1587,1
852,1874,1
852,999,1
869,1629,1
869,1669,1
690,1874,1
690,1839,1
1669,1629,1
1669,869,1
999,1278,1
999,1440,1
1974,1874,1
737,1144,1
1287,453,1
453,895,1
453,1287,1
453,895,1
453,1287,1
1269,1081,1
1269,1278,1
1269,174,1
1269,999,1
1669,981,1
895,453,1
895,1287,1
1287,895,1
895,453,1
895,1287,1
895,453,1
895,1287,1
511,1874,1
511,1258,1
1269,1501,1
1269,1522,1
1269,1874,1
1269,999,1
1874,284,1
1159,2028,1
1874,163,1
1037,80,1
1037,1444,1
1037,1306,1
1037,1377,1
1037,1159,1
1037,1981,1
1,453,1
1874,511,1
1874,1258,1
1159,1277,1
511,1874,1
511,1258,1
1159,2028,1
1874,163,1
1874,284,1
411,511,1
411,1874,1
411,1258,1
691,453,1
1999,1,1
1258,1144,1
1874,1151,1
1874,1522,1
1874,841,1
1874,1258,1
1874,1998,1
1874,1151,1
1874,1522,1
1874,841,1
1874,1258,1
1874,1998,1
1269,1501,1
1269,1522,1
1269,1269,1
1269,1874,1
1269,999,1
1312,1669,1
691,453,1
1159,2028,1
895,1669,1
691,453,1
2006,1287,1
1874,999,1
1874,465,1
511,1874,1
1669,895,1
1669,895,1
999,1874,1
432,1377,1
585,1144,1
453,691,1
895,1922,1
1159,895,1
691,453,1
1874,457,1
1669,476,1
457,1874,1
1874,284,1
737,1144,1
585,1144,1
691,453,1
1874,1278,1
1874,1586,1
1874,999,1
737,1144,1
737,628,1
737,553,1
1874,561,1
34,1899,1
2006,1287,1
457,1874,1
737,737,1
737,737,1
737,737,1
737,737,1
476,1669,1
1731,1874,1
1731,1987,1
1731,1586,1
1731,1792,1
1731,465,1
1731,1768,1
1874,1587,1
1874,852,1
1874,999,1
411,511,1
411,1874,1
411,1258,1
1669,476,1
511,626,1
511,1874,1
511,148,1
511,1258,1
1586,999,1
1874,1974,1
1770,31,1
1770,31,1
1874,457,1
1974,1874,1
511,1587,1
511,1874,1
511,852,1
511,999,1
411,1586,1
585,1144,1
1586,1731,1
1797,1701,1
895,1669,1
895,1669,1
1874,511,1
1874,1258,1
1874,411,1
1874,1770,1
1770,1874,1
412,1770,1
412,1874,1
465,1874,1
1874,284,1
1586,411,1
1440,1354,1
2009,1952,1
1874,747,1
1440,1874,1
1440,1258,1
1440,999,1
1874,1440,1
1874,1354,1
1121,547,1
1874,1586,1
1809,1706,1
5,1159,1
1586,1874,1
1586,453,1
1586,453,1
713,1586,1
1839,1120,1
1839,1576,1
1839,1510,1
1839,558,1
1839,1523,1
1839,904,1
1839,1241,1
1839,1878,1
1839,120,1
1839,999,1
1839,1278,1
1839,465,1
1839,1586,1
1839,1258,1
1839,1792,1
1839,64,1
1839,556,1
1839,1670,1
1839,1323,1
1839,1963,1
1839,1080,1
1839,419,1
1839,1011,1
1839,690,1
1839,1430,1
1839,1919,1
1839,457,1
1839,574,1
1839,333,1
1839,827,1
1839,479,1
1839,1120,1
1839,1576,1
1839,1510,1
1839,558,1
1839,1523,1
1839,904,1
1839,1241,1
1839,1878,1
1839,120,1
1839,999,1
1839,1278,1
1839,465,1
1839,1586,1
1839,1258,1
1839,1792,1
1839,64,1
1839,556,1
1839,1670,1
1839,1323,1
1839,1963,1
1839,1080,1
1839,419,1
1839,1011,1
1839,690,1
1839,1430,1
1839,1919,1
1839,457,1
1839,574,1
1839,333,1
1839,827,1
1839,479,1
1586,713,1
1844,1144,1
1844,1198,1
585,1144,1
1770,1874,1
1770,1768,1
453,1586,1
1109,1874,1
1974,1874,1
1974,1258,1
1974,999,1
999,1874,1
999,1974,1
999,1258,1
999,153,1
999,1874,1
999,732,1
999,1987,1
999,1258,1
999,824,1
585,1144,1
841,1151,1
841,1522,1
841,1874,1
841,1258,1
841,1998,1
841,1151,1
841,1522,1
841,1874,1
841,1258,1
841,1998,1
2006,1287,1
713,1586,1
999,626,1
999,148,1
999,1874,1
999,511,1
999,1258,1
999,1874,1
999,1974,1
1586,465,1
1586,1874,1
1586,1258,1
1586,1792,1
1876,1287,1
1876,1287,1
1974,1874,1
1974,999,1
1876,2006,1
1876,2006,1
1876,1669,1
1987,999,1
1987,1874,1
1987,732,1
1987,153,1
1987,1258,1
1987,1768,1
1987,852,1
1451,1159,1
1159,1277,1
346,1706,1
1440,411,1
411,511,1
411,1874,1
411,1258,1
1159,1277,1
1159,19,1
1874,943,1
1874,841,1
1874,1258,1
1874,1998,1
1874,943,1
1874,841,1
1874,1258,1
1874,1998,1
1440,1874,1
1440,1258,1
1874,511,1
1874,1258,1
1874,411,1
1,453,1
1839,1120,1
1839,1576,1
1839,1510,1
1839,641,1
1839,1323,1
1839,1241,1
1839,1987,1
1839,12,1
1839,904,1
1839,1751,1
1839,120,1
1839,999,1
1839,1278,1
1839,1486,1
1839,465,1
1839,1081,1
1839,1586,1
1839,1287,1
1839,316,1
1839,1214,1
1839,1669,1
1839,64,1
1839,419,1
1839,1663,1
1839,1011,1
1839,165,1
1839,690,1
1839,266,1
1839,1430,1
1839,558,1
1839,556,1
1839,457,1
1839,155,1
1839,1845,1
1839,1191,1
1839,1073,1
1839,2006,1
1839,1876,1
1839,1120,1
1839,1576,1
1839,1510,1
1839,641,1
1839,1323,1
1839,1241,1
1839,1987,1
1839,12,1
1839,904,1
1839,1751,1
1839,120,1
1839,999,1
1839,1278,1
1839,1486,1
1839,465,1
1839,1081,1
1839,1586,1
1839,1287,1
1839,316,1
1839,1214,1
1839,1669,1
1839,64,1
1839,419,1
1839,1663,1
1839,1011,1
1839,165,1
1839,690,1
1839,266,1
1839,1430,1
1839,558,1
1839,556,1
1839,457,1
1839,155,1
1839,1845,1
1839,1191,1
1839,1073,1
1839,2006,1
1839,1876,1
1839,1120,1
1839,1576,1
1839,1510,1
1839,641,1
1839,1323,1
1839,1241,1
1839,1987,1
1839,12,1
1839,904,1
1839,1751,1
1839,120,1
1839,999,1
1839,1278,1
1839,1486,1
1839,465,1
1839,1081,1
1839,1586,1
1839,1287,1
1839,316,1
1839,1214,1
1839,1669,1
1839,64,1
1839,419,1
1839,1663,1
1839,1011,1
1839,165,1
1839,690,1
1839,266,1
1839,1430,1
1839,558,1
1839,556,1
1839,457,1
1839,155,1
1839,1845,1
1839,1191,1
1839,1073,1
1839,2006,1
1839,1876,1
841,1151,1
999,1638,1
999,1874,1
999,1987,1
999,153,1
999,1258,1
999,1740,1
999,852,1
412,453,1
412,1717,1
1369,1899,1
1948,453,1
1874,999,1
1874,732,1
1874,1987,1
1874,153,1
1874,1258,1
1874,1768,1
1874,852,1
511,1874,1
511,1258,1
511,411,1
1874,284,1
411,1144,1
1,278,1
1998,1440,1
1998,411,1
1258,999,1
1258,1874,1
1258,732,1
1258,1987,1
1258,153,1
1258,1768,1
1258,852,1
1876,1839,1
1874,1770,1
1874,1768,1
1239,1144,1
217,1151,1
217,841,1
1974,1899,1
1974,411,1
1874,1987,1
521,1874,1
521,511,1
1440,1998,1
1874,1440,1
1874,1998,1
457,1874,1
1440,1874,1
999,1440,1
999,1998,1
1291,1144,1
1291,1239,1
1522,1144,1
1522,411,1
841,1151,1
841,943,1
457,1874,1
1874,1768,1
1874,1987,1
1874,633,1
1874,1149,1
633,1874,1
633,1149,1
1974,1899,1
1974,411,1
223,1159,1
987,547,1
1380,1144,1
465,1770,1
465,412,1
465,1874,1
465,306,1
465,1792,1
1522,1899,1
1522,1974,1
1522,411,1
1948,453,1
1770,1792,1
1770,1874,1
1770,306,1
1770,412,1
1770,465,1
999,21,1
521,1874,1
1998,1151,1
1998,943,1
1998,841,1
1222,1377,1
999,21,1
585,1258,1
585,999,1
511,1874,1
793,1889,1
511,1874,1
1989,1989,1
737,1144,1
1948,453,1
1690,1159,1
999,585,1
1440,1144,1
599,599,1
412,1770,1
412,1768,1
412,1874,1
737,1144,1
1669,1878,1
1792,1770,1
1792,412,1
1792,1874,1
1792,306,1
1792,465,1
793,1889,1
1792,1731,1
1792,1586,1
656,656,1
1440,999,1
217,1899,1
217,1369,1
1922,895,1
1948,453,1
903,737,1
903,1144,1
1369,217,1
1369,1899,1
1874,511,1
511,1874,1
1595,1377,1
1874,585,1
1874,999,1
1198,1144,1
1874,585,1
1874,999,1
1706,412,1
1706,1768,1
1706,362,1
1440,521,1
1440,1874,1
521,1440,1
585,1899,1
1278,1144,1
1159,1956,1
284,1874,1
585,1899,1
92,1144,1
1037,1444,1
1037,80,1
1037,1159,1
1037,1377,1
907,1706,1
1291,1144,1
1291,1198,1
585,1144,1
1440,1874,1
1440,1258,1
1440,521,1
1874,1874,1
1874,1200,1
1874,833,1
981,1669,1
521,1440,1
1222,1377,1
1522,585,1
1522,1899,1
1894,1522,1
1894,585,1
1894,1899,1
284,1874,1
1998,1144,1
1690,453,1
1813,453,1
1440,1998,1
1932,1874,1
457,1874,1
1894,1522,1
1894,585,1
1894,1899,1
344,1144,1
344,585,1
1874,1522,1
1874,1894,1
1874,585,1
1874,1899,1
1159,1337,1
1874,1586,1
1159,895,1
1159,1287,1
1874,469,1
453,1813,1
998,453,1
163,1874,1
284,1874,1
1258,1874,1
1874,876,1
1159,777,1
511,151,1
511,713,1
1874,350,1
1874,1586,1
1874,203,1
1874,457,1
1586,511,1
1586,1874,1
1586,1258,1
1813,453,1
793,1889,1
793,1889,1
1159,691,1
1580,92,1
1580,1144,1
1159,691,1
1586,585,1
1159,691,1
284,1874,1
1258,585,1
1258,1586,1
1,453,1
284,1874,1
2007,1874,1
1159,691,1
713,1780,1
713,293,1
713,1479,1
713,819,1
713,279,1
713,142,1
713,1906,1
713,892,1
713,195,1
713,205,1
1159,1970,1
1586,1751,1
1216,547,1
585,1586,1
1258,585,1
1258,1586,1
339,1144,1
1874,1586,1
1874,1258,1
1159,691,1
1874,876,1
713,1780,1
511,1874,1
903,1144,1
895,132,1
895,1994,1
353,453,1
1717,412,1
1874,1167,1
1874,511,1
614,1874,1
614,411,1
713,205,1
1669,1586,1
1669,1839,1
1198,1144,1
713,205,1
511,1874,1
1159,1586,1
1535,1238,1
585,1874,1
1440,1874,1
1440,1258,1
1440,999,1
293,713,1
1198,1144,1
1380,1144,1
1586,1874,1
1440,1874,1
705,1159,1
1380,1144,1
511,1792,1
511,465,1
999,1586,1
999,1874,1
999,1440,1
999,1258,1
1669,2027,1
1586,999,1
1706,1974,1
1706,999,1
1706,511,1
999,290,1
999,1278,1
999,1874,1
999,1011,1
999,411,1
999,817,1
990,1287,1
1278,290,1
1278,999,1
1278,1874,1
1278,1011,1
1278,411,1
1278,817,1
1514,1706,1
1278,290,1
1278,999,1
1278,1874,1
1278,1011,1
1278,411,1
1278,817,1
453,142,1
999,1586,1
999,626,1
1258,1586,1
129,1159,1
284,1874,1
511,1874,1
1277,453,1
882,1306,1
882,1906,1
882,386,1
882,1377,1
882,1159,1
882,246,1
882,1306,1
882,1906,1
882,386,1
882,1377,1
882,1159,1
882,246,1
1220,1220,1
1876,1839,1
1876,1839,1
1198,1144,1
622,622,1
223,1159,1
737,1144,1
590,895,1
737,1144,1
1586,1874,1
1586,1258,1
1586,999,1
1435,990,1
1435,1287,1
1878,1669,1
1258,1874,1
1669,1878,1
1839,1120,1
1839,1576,1
1839,203,1
1839,1510,1
1839,1874,1
1839,1830,1
1839,465,1
1839,1878,1
1839,999,1
1839,453,1
1839,1987,1
1839,1586,1
1839,1258,1
1839,539,1
1839,1669,1
1839,1792,1
1839,1963,1
1839,419,1
1839,412,1
1839,1052,1
1839,1768,1
1839,479,1
1839,1120,1
1839,1576,1
1839,203,1
1839,1510,1
1839,1874,1
1839,1830,1
1839,465,1
1839,1878,1
1839,999,1
1839,453,1
1839,1987,1
1839,1586,1
1839,1258,1
1839,539,1
1839,1669,1
1839,1792,1
1839,1963,1
1839,419,1
1839,412,1
1839,1052,1
1839,1768,1
1839,479,1
1839,1120,1
1839,1576,1
1839,203,1
1839,1510,1
1839,1874,1
1839,1830,1
1839,465,1
1839,1878,1
1839,999,1
1839,453,1
1839,1987,1
1839,1586,1
1839,1258,1
1839,539,1
1839,1669,1
1839,1792,1
1839,1963,1
1839,419,1
1839,412,1
1839,1052,1
1839,1768,1
1839,479,1
1878,1669,1
1669,1839,1
1335,1,1
793,1889,1
412,1278,1
1669,220,1
993,869,1
1891,1874,1
737,1144,1
1435,990,1
1435,1287,1
1595,1377,1
1339,453,1
1339,246,1
1339,547,1
1339,1952,1
1011,412,1
1595,1377,1
817,1011,1
1878,410,1
1878,1179,1
1878,24,1
1878,203,1
1878,1770,1
1878,1874,1
1878,794,1
1878,453,1
1878,329,1
1878,1987,1
1878,419,1
1878,412,1
1878,1586,1
1878,306,1
1878,1792,1
1878,1587,1
1878,852,1
1878,465,1
1878,1768,1
1878,817,1
1878,410,1
1878,1179,1
1878,24,1
1878,203,1
1878,1770,1
1878,1874,1
1878,794,1
1878,453,1
1878,329,1
1878,1987,1
1878,419,1
1878,412,1
1878,1586,1
1878,306,1
1878,1792,1
1878,1587,1
1878,852,1
1878,465,1
1878,1768,1
1878,817,1
793,1889,1
1269,536,1
1510,511,1
1970,453,1
511,1510,1
1780,713,1
1164,278,1
1050,429,1
1625,1625,1
1625,1625,1
1625,1625,1
1625,1625,1
1894,1144,1
737,1144,1
498,1706,1
498,1159,1
498,1952,1
498,547,1
1258,1751,1
1258,203,1
1258,1874,1
1258,1987,1
1258,1586,1
1258,350,1
1258,1768,1
98,727,1
511,1874,1
457,1874,1
833,1874,1
1992,737,1
1992,1144,1
1625,1625,1
1625,1625,1
1625,1625,1
1625,1625,1
412,457,1
1874,1586,1
1874,999,1
1440,1874,1
1198,1144,1
1874,511,1
142,713,1
1992,1144,1
1992,1198,1
142,1159,1
142,1277,1
1874,457,1
1874,412,1
1874,1440,1
1440,345,1
1380,737,1
1380,1144,1
1751,1586,1
999,1874,1
1380,1144,1
1751,1586,1
1198,1144,1
1974,1899,1
1874,1930,1
1992,1144,1
1992,1239,1
1328,713,1
1328,453,1
1328,713,1
1328,453,1
1328,1587,1
1328,897,1
1328,1070,1
1328,358,1
1328,572,1
1328,245,1
1328,1158,1
1328,453,1
1328,410,1
1625,1625,1
1625,1625,1
1625,1625,1
1894,1144,1
1894,1144,1
1595,1377,1
793,1889,1
793,1889,1
1380,1144,1
981,1669,1
203,1258,1
626,511,1
626,1874,1
626,148,1
626,1258,1
1992,1144,1
1992,1894,1
793,1889,1
793,1889,1
1505,1874,1
1505,1440,1
1354,1505,1
252,1,1
793,1889,1
1522,1974,1
1522,1899,1
453,902,1
1641,1377,1
1894,1144,1
1706,1987,1
1706,104,1
1706,732,1
1706,620,1
1706,1768,1
1706,852,1
1641,1377,1
1628,1,1
1198,1144,1
943,1522,1
943,1874,1
943,2011,1
943,841,1
943,1998,1
943,1151,1
943,1522,1
943,1874,1
943,2011,1
943,841,1
943,1998,1
943,1151,1
1992,1144,1
1992,1894,1
620,999,1
620,1874,1
620,1987,1
620,1258,1
620,732,1
620,1768,1
620,852,1
1258,350,1
1641,1377,1
1116,1952,1
777,453,1
1258,1144,1
1258,350,1
1874,1930,1
1874,440,1
1874,1258,1
1874,411,1
1380,1144,1
620,999,1
620,1874,1
620,1987,1
620,1258,1
620,732,1
620,1768,1
620,852,1
412,457,1
412,1874,1
585,1144,1
457,412,1
585,1874,1
585,453,1
943,1151,1
943,841,1
626,148,1
626,1874,1
626,511,1
626,1258,1
626,999,1
943,1151,1
943,841,1
1625,1625,1
1625,1625,1
1625,1625,1
1625,1625,1
1992,1144,1
1992,1198,1
718,1,1
1994,132,1
1994,895,1
1989,1989,1
1625,1625,1
1625,1625,1
1625,1625,1
1278,21,1
876,1874,1
1618,1377,1
876,1874,1
902,895,1
902,895,1
620,1874,1
838,1874,1
1500,902,1
1159,902,1
205,453,1
205,713,1
205,713,1
205,713,1
1994,895,1
1957,453,1
1957,1952,1
1626,1626,1
1625,1625,1
1625,1625,1
324,1701,1
324,1952,1
128,1706,1
444,1159,1
1799,1952,1
1737,115,1
1039,713,1
1039,713,1
1157,1159,1
1629,713,1
1629,278,1
1930,1047,1
1047,1930,1
1930,1047,1
1874,1814,1
1047,1930,1
1874,585,1
1932,1874,1
223,1159,1
1374,1706,1
403,1144,1
605,1144,1
605,1144,1
817,1930,1
817,440,1
817,1874,1
817,1258,1
817,411,1
1992,1144,1
1992,403,1
1992,1144,1
1992,605,1
1992,1144,1
1992,605,1
1586,1874,1
1586,1258,1
1586,999,1
1992,1144,1
723,1144,1
1198,1992,1
1380,1144,1
1992,1144,1
1992,723,1
511,511,1
511,511,1
511,511,1
511,511,1
511,511,1
511,1874,1
511,1144,1
228,1159,1
1246,1159,1
1522,1144,1
1669,56,1
1669,56,1
1669,56,1
1669,56,1
1669,56,1
764,1159,1
1800,1159,1
1737,115,1
841,1151,1
713,1629,1
511,1874,1
1278,21,1
1839,1876,1
1839,1876,1
1839,1876,1
999,817,1
852,1899,1
585,1144,1
585,1144,1
1792,817,1
1792,999,1
805,1159,1
585,1586,1
585,1258,1
1586,585,1
1011,999,1
1011,817,1
1011,1792,1
817,999,1
817,1792,1
999,585,1
999,585,1
1550,869,1
1550,203,1
1550,1792,1
1440,1874,1
1440,1258,1
1440,999,1
1942,1151,1
1550,453,1
1369,1144,1
1550,453,1
412,999,1
412,999,1
278,1629,1
1522,1151,1
1522,1942,1
999,1011,1
999,817,1
999,1792,1
1629,278,1
1504,1504,1
1258,1586,1
1814,1706,1
1586,1258,1
1369,21,1
585,1874,1
1258,312,1
1258,1874,1
217,1151,1
217,841,1
585,1144,1
585,344,1
1258,1586,1
1393,1287,1
1258,1586,1
1522,457,1
1522,412,1
803,1669,1
999,585,1
999,1874,1
1258,1586,1
1586,1258,1
713,1669,1
1258,21,1
1669,803,1
1121,547,1
803,1669,1
1792,13,1
999,1874,1
999,1586,1
999,1258,1
730,713,1
1669,1813,1
411,1874,1
411,1586,1
411,1258,1
411,999,1
999,1586,1
999,1258,1
999,411,1
999,1080,1
1258,1586,1
1768,453,1
1586,1258,1
999,1874,1
999,1258,1
457,1522,1
457,412,1
1792,463,1
1792,203,1
1792,1550,1
1792,585,1
1792,999,1
1792,585,1
1792,999,1
1550,869,1
1550,203,1
1550,1792,1
585,1144,1
946,1159,1
1792,463,1
1792,203,1
1792,1550,1
457,1522,1
457,412,1
869,1669,1
869,1839,1
1669,702,1
999,1144,1
1669,1698,1
1522,1144,1
1669,702,1
1669,1120,1
1844,1522,1
1844,1144,1
999,47,1
999,457,1
999,1874,1
999,1501,1
999,1258,1
999,1587,1
999,1110,1
1669,56,1
1669,56,1
1669,56,1
1669,56,1
1669,56,1
1120,1669,1
1669,1120,1
691,1669,1
1120,1669,1
1522,457,1
1522,412,1
87,1159,1
1550,869,1
1550,203,1
1550,1792,1
263,1159,1
987,1159,1
1669,691,1
1839,690,1
852,999,1
852,1874,1
852,109,1
852,683,1
852,1258,1
852,1998,1
852,1587,1
1669,1586,1
1669,1839,1
1874,1874,1
1874,654,1
1669,702,1
1894,1992,1
1894,1144,1
411,1751,1
411,999,1
411,1874,1
411,1963,1
411,1586,1
411,1258,1
411,1874,1
411,1258,1
411,999,1
1669,1839,1
1669,1619,1
691,1669,1
1758,1159,1
999,1144,1
1669,730,1
1669,730,1
1669,730,1
1380,1144,1
730,1669,1
999,1899,1
999,1998,1
211,211,1
1,453,1
817,1751,1
817,999,1
817,1874,1
817,1963,1
817,1586,1
817,1258,1
817,411,1
817,1807,1
1998,1899,1
1998,999,1
1380,1144,1
1839,1669,1
1278,1751,1
1278,999,1
1278,1874,1
1278,1963,1
1278,1258,1
1278,1998,1
1287,1839,1
1287,1839,1
1287,1839,1
869,1323,1
869,1839,1
1369,1120,1
1369,465,1
1369,14,1
1369,1576,1
1369,203,1
1369,641,1
1369,410,1
1369,794,1
1369,1874,1
1369,272,1
1369,165,1
1369,1323,1
1369,585,1
1369,852,1
1369,47,1
1369,120,1
1369,999,1
1369,453,1
1369,1019,1
1369,1987,1
1369,1894,1
1369,1586,1
1369,1258,1
1369,1792,1
1369,1587,1
1369,1430,1
1369,1670,1
1369,980,1
1369,306,1
1369,690,1
1369,1743,1
1369,329,1
1369,1963,1
1369,419,1
1369,558,1
1369,412,1
1369,1501,1
1369,817,1
1369,266,1
1369,1434,1
1369,217,1
1369,1467,1
1369,25,1
1369,457,1
1369,1522,1
1369,890,1
1369,1241,1
1369,24,1
1369,1976,1
1369,511,1
1369,1440,1
1369,1179,1
1369,1839,1
1369,1120,1
1369,465,1
1369,14,1
1369,1576,1
1369,203,1
1369,641,1
1369,410,1
1369,794,1
1369,1874,1
1369,272,1
1369,165,1
1369,1323,1
1369,585,1
1369,852,1
1369,47,1
1369,120,1
1369,999,1
1369,453,1
1369,1019,1
1369,1987,1
1369,1894,1
1369,1586,1
1369,1258,1
1369,1792,1
1369,1587,1
1369,1430,1
1369,1670,1
1369,980,1
1369,306,1
1369,690,1
1369,1743,1
1369,329,1
1369,1963,1
1369,419,1
1369,558,1
1369,412,1
1369,1501,1
1369,817,1
1369,266,1
1369,1434,1
1369,217,1
1369,1467,1
1369,25,1
1369,457,1
1369,1522,1
1369,890,1
1369,1241,1
1369,24,1
1369,1976,1
1369,511,1
1369,1440,1
1369,1179,1
1369,1839,1
1839,869,1
1839,1323,1
869,1323,1
869,1839,1
137,1159,1
1258,1586,1
1839,869,1
1839,1669,1
869,1669,1
869,1839,1
1287,1435,1
278,1851,1
1839,869,1
1839,1669,1
453,56,1
453,56,1
453,56,1
453,56,1
453,56,1
730,1669,1
1440,1874,1
1440,1258,1
1440,999,1
999,1874,1
999,1258,1
1258,1874,1
1258,999,1
1586,1258,1
754,1377,1
1258,1586,1
1839,1287,1
1839,1287,1
1839,1287,1
1974,1369,1
585,1974,1
585,1369,1
1287,1839,1
1287,1839,1
1287,1839,1
137,1159,1
403,1144,1
1287,990,1
1198,1144,1
1287,1435,1
1,453,1
760,453,1
1384,1159,1
1287,1876,1
585,1874,1
1998,1874,1
1998,1258,1
1998,1963,1
1998,999,1
511,1874,1
999,585,1
999,1874,1
1998,457,1
1998,1522,1
1998,412,1
412,457,1
999,1874,1
999,1963,1
999,1998,1
999,1258,1
585,1874,1
585,999,1
585,1899,1
585,1998,1
585,999,1
740,1706,1
1522,585,1
1522,1899,1
1522,1998,1
1522,999,1
457,412,1
585,1899,1
412,457,1
1874,1670,1
793,1889,1
1258,585,1
1258,1899,1
1258,1998,1
1258,999,1
999,1751,1
999,1874,1
999,1963,1
999,1586,1
999,1258,1
999,411,1
999,1807,1
999,817,1
1522,104,1
1522,585,1
1522,1258,1
1522,1998,1
1874,1751,1
1874,203,1
895,590,1
1998,1874,1
1998,1258,1
1998,1963,1
1998,999,1
1440,885,1
817,1751,1
817,999,1
817,1874,1
817,1963,1
817,1586,1
817,1258,1
817,411,1
817,1807,1
1522,585,1
1522,1899,1
1963,1874,1
1963,1258,1
1963,1998,1
1963,999,1
1974,536,1
1974,1899,1
999,2011,1
999,1874,1
999,1998,1
999,1963,1
585,1522,1
585,1899,1
1258,1751,1
1258,999,1
1258,1874,1
1258,1963,1
1258,1586,1
1258,411,1
1258,1807,1
1258,817,1
999,536,1
999,1974,1
999,1899,1
817,1751,1
817,999,1
817,1874,1
817,1963,1
817,1586,1
817,1258,1
817,411,1
817,1807,1
1874,536,1
1874,1974,1
1874,1899,1
1874,999,1
817,1751,1
817,999,1
817,1874,1
817,1963,1
817,1586,1
817,1258,1
817,411,1
817,1807,1
1974,1998,1
1974,1874,1
1974,1258,1
1974,1963,1
1974,999,1
1894,536,1
1894,1874,1
1894,1974,1
1894,1899,1
1894,999,1
511,1899,1
511,1522,1
511,585,1
511,47,1
511,1258,1
203,1751,1
1440,1874,1
1440,1258,1
1440,999,1
411,1751,1
411,999,1
411,1874,1
411,1963,1
411,1586,1
411,1258,1
411,1807,1
411,817,1
841,943,1
1601,1669,1
585,1144,1
1435,1287,1
1814,1874,1
411,1899,1
465,1874,1
1440,885,1
585,1874,1
1998,457,1
1998,412,1
999,585,1
999,1874,1
1291,1291,1
1957,1874,1
279,1287,1
1011,1792,1
1011,817,1
1011,999,1
13,1792,1
1844,1144,1
1844,999,1
1159,1550,1
1287,1435,1
1974,1998,1
1974,1874,1
1974,1258,1
1974,1963,1
1974,999,1
999,817,1
999,1011,1
999,1792,1
1874,1586,1
1874,1751,1
1974,1874,1
1440,1874,1
1440,1258,1
1440,999,1
1586,1874,1
1874,1899,1
1839,1287,1
1839,1287,1
1874,521,1
1874,521,1
521,1874,1
1287,279,1
1323,1874,1
1323,1586,1
1874,521,1
1874,1586,1
1874,1323,1
1792,999,1
1369,1899,1
521,1874,1
1874,1062,1
1874,1874,1
1974,1874,1
1079,1005,1
1079,1763,1
1874,1062,1
1874,1874,1
511,1874,1
511,1974,1
1974,1899,1
1974,1369,1
1258,1323,1
1258,1586,1
1258,1874,1
1323,1586,1
1323,1874,1
1874,521,1
521,1874,1
1874,511,1
1874,1974,1
99,1706,1
1440,1144,1
1974,511,1
1974,1874,1
1440,1144,1
1440,1144,1
511,1874,1
511,1974,1
1440,1144,1
1440,1144,1
217,1874,1
217,1899,1
1874,350,1
1440,1144,1
1159,1768,1
511,1874,1
511,1258,1
511,999,1
411,1899,1
1522,1899,1
1522,1974,1
1522,1369,1
1258,1874,1
1258,1586,1
1258,1751,1
1258,999,1
1369,1522,1
1369,1974,1
1369,1899,1
1278,1144,1
841,1151,1
1874,1874,1
1874,1874,1
1882,1874,1
1159,209,1
34,737,1
34,1144,1
1323,1586,1
1323,1874,1
1323,1258,1
1104,1952,1
793,1889,1
34,1144,1
1440,1144,1
999,1899,1
999,411,1
217,1151,1
217,841,1
1522,1899,1
1522,411,1
367,1159,1
411,1522,1
411,1899,1
882,449,1
882,1159,1
882,1377,1
1770,1770,1
817,1522,1
817,1899,1
817,411,1
1522,1899,1
1522,411,1
1522,817,1
411,1522,1
411,1899,1
411,817,1
1258,1998,1
1258,1874,1
1258,1974,1
1258,1963,1
1258,999,1
1998,1151,1
1998,217,1
1998,841,1
1258,1874,1
1258,1586,1
1258,1751,1
1258,203,1
1258,999,1
341,547,1
1894,1144,1
203,1258,1
1974,1998,1
1974,1874,1
1974,1258,1
1974,1963,1
1974,999,1
793,1889,1
1669,702,1
1278,1751,1
1278,999,1
1278,1874,1
1278,1963,1
1278,1258,1
1278,1998,1
702,1669,1
1580,1144,1
1580,1440,1
1580,1144,1
1580,1440,1
1974,1899,1
702,1669,1
1669,702,1
1669,702,1
478,1906,1
1655,1159,1
1522,1144,1
1198,1144,1
217,1974,1
217,1899,1
1641,1377,1
1287,1669,1
702,1669,1
702,1287,1
259,1377,1
1198,1144,1
34,1144,1
34,1198,1
1770,1770,1
1591,795,1
1591,1706,1
1591,1253,1
1393,1287,1
1930,817,1
1287,1669,1
737,1144,1
737,628,1
737,553,1
656,1144,1
1580,1522,1
1580,1144,1
1440,1874,1
1440,1258,1
1440,999,1
895,1798,1
737,737,1
737,737,1
737,737,1
341,1706,1
1669,453,1
1669,453,1
1669,730,1
1669,1601,1
1894,1144,1
1269,1269,1
1269,536,1
1669,1586,1
1669,1839,1
1669,1586,1
495,1706,1
1258,1751,1
1258,203,1
1258,1874,1
1258,1586,1
1258,350,1
1258,1768,1
630,691,1
630,1287,1
1809,1706,1
137,1159,1
1278,1269,1
1278,536,1
999,1278,1
999,1269,1
999,536,1
1121,547,1
12,511,1
12,1874,1
5,1159,1
511,12,1
511,1874,1
1586,203,1
1839,1669,1
1839,1586,1
34,1144,1
34,1198,1
1839,1669,1
1453,1144,1
1874,1751,1
1874,203,1
1670,1874,1
713,1906,1
1874,1930,1
1874,1751,1
1258,186,1
1258,1874,1
1601,1669,1
312,1874,1
312,1258,1
1874,1874,1
1874,521,1
1751,1874,1
346,1706,1
1258,1874,1
1258,1586,1
1258,1751,1
1258,999,1
1287,1876,1
1655,1952,1
1380,1144,1
1586,1258,1
1504,1504,1
1586,1258,1
1198,1144,1
1669,1906,1
1164,278,1
344,1144,1
1580,1144,1
1580,656,1
1669,1813,1
1287,1876,1
1839,1510,1
1839,1120,1
1839,558,1
1839,165,1
1839,1767,1
1839,155,1
1839,1987,1
1839,2006,1
1839,1751,1
1839,120,1
1839,999,1
1839,1486,1
1839,465,1
1839,1081,1
1839,1586,1
1839,1792,1
1839,1663,1
1839,556,1
1839,1669,1
1839,109,1
1839,1629,1
1839,419,1
1839,177,1
1839,1619,1
1839,1816,1
1839,690,1
1839,574,1
1839,1430,1
1839,1878,1
1839,1241,1
1839,1845,1
1839,1976,1
1839,827,1
1839,1576,1
1839,278,1
1839,479,1
1839,1510,1
1839,1120,1
1839,558,1
1839,165,1
1839,1767,1
1839,155,1
1839,1987,1
1839,2006,1
1839,1751,1
1839,120,1
1839,999,1
1839,1486,1
1839,465,1
1839,1081,1
1839,1586,1
1839,1792,1
1839,1663,1
1839,556,1
1839,1669,1
1839,109,1
1839,1629,1
1839,419,1
1839,177,1
1839,1619,1
1839,1816,1
1839,690,1
1839,574,1
1839,1430,1
1839,1878,1
1839,1241,1
1839,1845,1
1839,1976,1
1839,827,1
1839,1576,1
1839,278,1
1839,479,1
1770,1874,1
1021,1021,1
987,1159,1
411,1874,1
411,1258,1
411,1963,1
411,999,1
1,453,1
907,1706,1
1625,1625,1
1625,1625,1
1625,1625,1
1580,1144,1
1580,1198,1
1198,1144,1
1258,1586,1
1440,1874,1
1440,1258,1
1440,999,1
1586,1258,1
1874,1874,1
1874,639,1
1874,1874,1
1874,521,1
71,1874,1
1807,411,1
1813,1669,1
1874,1751,1
1874,999,1
1874,1963,1
1874,1586,1
1874,1258,1
1874,411,1
1874,1807,1
1874,817,1
882,1906,1
882,386,1
882,1424,1
882,1306,1
882,1377,1
882,1159,1
882,246,1
882,1906,1
882,386,1
882,1424,1
882,1306,1
882,1377,1
882,1159,1
882,246,1
1380,1144,1
1874,149,1
1380,1144,1
1751,1258,1
1874,203,1
1874,1770,1
1874,1874,1
1874,1818,1
1874,1874,1
1874,1874,1
1882,1874,1
1440,1874,1
144,278,1
1586,1258,1
999,1874,1
999,1258,1
656,656,1
1625,1625,1
1625,1625,1
1625,1625,1
1440,1874,1
1440,1258,1
1440,999,1
411,1751,1
411,999,1
411,1874,1
411,1963,1
411,1586,1
411,1258,1
411,1807,1
411,817,1
1198,1144,1
1047,1930,1
1287,1876,1
1380,1144,1
1874,1440,1
1258,1874,1
1258,999,1
1258,1586,1
1258,203,1
203,1874,1
793,1889,1
1586,1258,1
1287,1393,1
1287,453,1
1287,453,1
793,1889,1
1440,1565,1
987,547,1
1906,386,1
1906,1424,1
1906,1377,1
1906,246,1
1906,1159,1
1906,1306,1
1906,386,1
1906,1424,1
1906,1377,1
1906,246,1
1906,1159,1
1906,1306,1
1287,1876,1
1874,1874,1
1874,1200,1
599,599,1
411,1874,1
411,1258,1
411,1963,1
411,999,1
1198,1144,1
411,1874,1
411,1258,1
411,1963,1
411,999,1
411,1899,1
478,1906,1
478,1906,1
1287,453,1
1287,453,1
1393,1287,1
999,1144,1
1874,1987,1
1287,1393,1
895,1798,1
1874,1505,1
1874,345,1
1874,1258,1
1874,999,1
411,1874,1
411,1258,1
411,1963,1
411,999,1
1874,1751,1
999,1874,1
999,1258,1
1874,1440,1
1874,1565,1
511,1874,1
939,1144,1
312,1874,1
312,1258,1
353,453,1
585,1874,1
362,1465,1
362,1465,1
1987,1874,1
1159,369,1
511,1874,1
1628,1,1
1393,1287,1
329,453,1
453,329,1
329,453,1
1698,1377,1
1258,1874,1
1258,1998,1
1258,1963,1
1258,999,1
1522,1899,1
1522,411,1
511,1874,1
1876,1287,1
1159,1781,1
129,1159,1
1963,1874,1
1963,1258,1
1963,999,1
1222,1377,1
411,1899,1
1222,1377,1
1369,1144,1
1576,453,1
793,1889,1
453,56,1
453,56,1
453,56,1
453,56,1
453,56,1
702,453,1
1874,1768,1
1369,1522,1
1369,1899,1
1369,411,1
453,702,1
1874,1258,1
1874,999,1
1963,1874,1
1963,1258,1
1963,999,1
230,895,1
1874,511,1
453,1576,1
760,453,1
702,453,1
1874,1258,1
1874,1963,1
1874,999,1
1911,186,1
1911,1706,1
760,453,1
511,47,1
511,1874,1
511,1258,1
511,999,1
1522,1899,1
1522,411,1
1998,1874,1
1998,1258,1
1998,1963,1
1998,999,1
1586,1874,1
1894,1144,1
999,1874,1
999,1963,1
999,1998,1
999,1258,1
278,1601,1
1870,1,1
630,453,1
1192,453,1
453,630,1
895,1287,1
1876,1287,1
1369,1144,1
1595,1377,1
1258,1899,1
1159,760,1
630,453,1
1258,1899,1
341,1706,1
453,630,1
1258,1899,1
630,453,1
1278,1144,1
1435,1287,1
760,453,1
760,453,1
453,630,1
1522,1258,1
1522,1899,1
630,453,1
1287,1669,1
1287,1669,1
411,1874,1
411,1258,1
411,1963,1
411,999,1
266,266,1
266,266,1
266,266,1
266,266,1
411,511,1
1876,1287,1
760,453,1
760,1023,1
793,1889,1
793,1889,1
793,1889,1
1586,1874,1
1586,1258,1
1586,1963,1
1287,453,1
1287,453,1
1287,453,1
453,1287,1
453,1287,1
453,1287,1
1440,1874,1
1440,1258,1
1440,999,1
1974,1874,1
1522,1269,1
1522,536,1
453,1287,1
453,1287,1
929,575,1
793,1889,1
453,1876,1
453,1876,1
453,1876,1
1782,1278,1
1782,1144,1
590,895,1
1258,1874,1
1258,1586,1
1258,1751,1
1258,999,1
1404,1159,1
1278,1963,1
1278,1874,1
1278,1258,1
1278,1998,1
1278,999,1
882,449,1
882,1159,1
882,1377,1
148,511,1
148,795,1
148,1874,1
148,1253,1
943,1151,1
943,1522,1
943,1942,1
1751,1930,1
1131,1706,1
999,1278,1
1159,760,1
1911,1706,1
1440,1565,1
1159,760,1
1380,1144,1
1380,1144,1
793,1889,1
1751,1930,1
793,1889,1
252,1,1
1222,1377,1
895,1238,1
1768,1874,1
1505,1874,1
1625,1625,1
1625,1625,1
1625,1625,1
344,1144,1
266,266,1
266,266,1
266,266,1
266,266,1
1876,1287,1
1751,1874,1
498,246,1
498,1159,1
498,1952,1
498,1706,1
498,547,1
585,1874,1
1380,1144,1
793,1889,1
1874,1768,1
1876,1287,1
603,203,1
453,1956,1
656,1144,1
1580,1144,1
1580,1380,1
453,1876,1
453,1876,1
453,1876,1
1038,1377,1
479,1586,1
852,1144,1
852,1380,1
1625,1625,1
1625,1625,1
1625,1625,1
1669,1287,1
585,1144,1
1287,1669,1
1440,585,1
893,1952,1
1258,1998,1
1258,1899,1
1998,1258,1
1998,1899,1
852,1587,1
852,1874,1
411,1144,1
1258,1899,1
1380,1144,1
1522,1258,1
1522,1899,1
1522,1998,1
656,1144,1
1258,1522,1
1522,1258,1
1522,1899,1
1522,1258,1
1328,713,1
1328,453,1
1328,713,1
1328,453,1
1328,1587,1
1328,897,1
1328,1070,1
1328,358,1
1328,572,1
1328,245,1
1328,1158,1
1328,453,1
1328,410,1
1258,1522,1
1998,1522,1
1998,1258,1
1782,1144,1
1782,656,1
1198,1144,1
223,1159,1
223,1159,1
223,1159,1
266,266,1
266,266,1
266,266,1
266,266,1
1782,1144,1
1782,656,1
1544,895,1
223,1159,1
1239,1144,1
1844,1144,1
1844,411,1
1625,1625,1
1625,1625,1
1625,1625,1
1369,1522,1
1369,1258,1
1369,1899,1
1706,47,1
1706,511,1
1706,1258,1
1706,999,1
457,1144,1
223,1159,1
1706,1258,1
1706,1963,1
1706,1998,1
1706,999,1
223,1159,1
1278,999,1
1258,1278,1
1500,1952,1
369,453,1
1385,453,1
453,1669,1
266,266,1
266,266,1
266,266,1
266,266,1
852,1874,1
852,1258,1
852,1998,1
852,999,1
1258,852,1
1501,1144,1
1998,1258,1
1998,852,1
1239,1144,1
1641,1377,1
1998,1278,1
1998,1258,1
1625,1625,1
1625,1625,1
1625,1625,1
1998,1899,1
1874,1440,1
1874,1258,1
1874,999,1
1874,1974,1
266,266,1
266,266,1
266,266,1
266,266,1
1669,453,1
1669,453,1
1874,1874,1
1874,692,1
1159,1201,1
1876,453,1
1876,453,1
1876,453,1
223,1159,1
1998,1144,1
1782,1144,1
1782,1501,1
266,266,1
266,266,1
266,266,1
266,266,1
852,1258,1
852,1998,1
1258,1874,1
1258,852,1
1876,453,1
1876,453,1
1876,453,1
999,1782,1
1440,1258,1
1798,895,1
223,1159,1
1782,999,1
1641,1377,1
1876,453,1
1876,453,1
1876,453,1
1641,1377,1
1580,1144,1
1580,999,1
869,453,1
852,1258,1
1998,1258,1
1998,852,1
1874,1874,1
1874,1229,1
1874,1874,1
1874,724,1
1874,881,1
1874,1874,1
1874,1874,1
1874,1320,1
999,1874,1
999,1258,1
999,1998,1
1258,999,1
1238,895,1
1198,1144,1
1874,1144,1
1874,1144,1
1278,1144,1
1874,1586,1
1258,350,1
1258,1874,1
266,266,1
266,266,1
266,266,1
266,266,1
999,1903,1
1874,1874,1
1874,1320,1
1586,1874,1
1874,1903,1
1874,999,1
1644,1874,1
1644,1258,1
1988,1874,1
369,453,1
1116,1952,1
1323,1874,1
1323,1258,1
1874,1874,1
1874,1320,1
1894,1144,1
1258,350,1
1258,1874,1
266,266,1
266,266,1
266,266,1
266,266,1
1258,1874,1
1522,1899,1
1522,1998,1
2024,547,1
1222,1377,1
223,1159,1
266,266,1
266,266,1
266,266,1
266,266,1
1839,1120,1
1839,1576,1
1839,203,1
1839,1510,1
1839,1874,1
1839,1830,1
1839,465,1
1839,1878,1
1839,999,1
1839,453,1
1839,1987,1
1839,1586,1
1839,1258,1
1839,539,1
1839,1669,1
1839,1792,1
1839,1963,1
1839,419,1
1839,412,1
1839,1052,1
1839,1768,1
1839,479,1
1839,1120,1
1839,1576,1
1839,203,1
1839,1510,1
1839,1874,1
1839,1830,1
1839,465,1
1839,1878,1
1839,999,1
1839,453,1
1839,1987,1
1839,1586,1
1839,1258,1
1839,539,1
1839,1669,1
1839,1792,1
1839,1963,1
1839,419,1
1839,412,1
1839,1052,1
1839,1768,1
1839,479,1
1839,1120,1
1839,1576,1
1839,203,1
1839,1510,1
1839,1874,1
1839,1830,1
1839,465,1
1839,1878,1
1839,999,1
1839,453,1
1839,1987,1
1839,1586,1
1839,1258,1
1839,539,1
1839,1669,1
1839,1792,1
1839,1963,1
1839,419,1
1839,412,1
1839,1052,1
1839,1768,1
1839,479,1
1258,1144,1
1998,1903,1
1998,457,1
1998,104,1
1998,1663,1
1930,1874,1
1258,1874,1
266,266,1
266,266,1
266,266,1
266,266,1
1441,1159,1
1258,21,1
998,453,1
702,453,1
457,1998,1
266,266,1
266,266,1
266,266,1
266,266,1
1974,1144,1
1998,511,1
1998,1874,1
1998,1258,1
1998,1369,1
1998,999,1
1930,1751,1
1258,1768,1
1258,1874,1
1258,852,1
1669,1287,1
149,829,1
149,1874,1
223,1159,1
1874,585,1
585,1874,1
223,1159,1
585,1899,1
223,1159,1
1580,1144,1
1580,1874,1
1580,1144,1
1580,1874,1
829,149,1
1580,1144,1
1580,1198,1
1874,511,1
1874,1587,1
1874,852,1
1874,1440,1
1874,829,1
1874,1440,1
1874,1258,1
1874,999,1
1874,1742,1
341,1706,1
1258,21,1
1698,1377,1
861,149,1
861,829,1
1258,1644,1
1565,1874,1
585,1144,1
1641,1377,1
679,1706,1
1870,1,1
149,861,1
511,1998,1
511,1874,1
1440,1874,1
129,1159,1
1440,1874,1
1641,1377,1
1641,1377,1
1874,1323,1
1874,1839,1
1874,1586,1
1874,1258,1
1874,1751,1
1874,1440,1
223,1159,1
1720,547,1
1720,1377,1
1565,1440,1
1565,1874,1
1440,1874,1
1912,1505,1
1912,1874,1
1601,329,1
1565,1440,1
223,1159,1
453,702,1
453,1669,1
1505,1912,1
1994,895,1
1994,895,1
1626,1626,1
1574,278,1
1625,1625,1
1625,1625,1
1625,1625,1
293,713,1
293,713,1
1906,393,1
350,1874,1
350,1258,1
1625,1625,1
1625,1625,1
1625,1625,1
1628,1,1
1628,1,1
1625,1625,1
1625,1625,1
1932,1874,1
838,1874,1
1157,1159,1
1565,1440,1
882,449,1
882,1159,1
882,1377,1
1625,1625,1
1625,1625,1
1053,227,1
882,449,1
882,1159,1
882,1377,1
1342,1706,1
1440,21,1
882,449,1
882,1159,1
882,1377,1
1440,1144,1
1992,1144,1
1992,1440,1
1440,1144,1
1258,1874,1
1258,1998,1
1258,852,1
453,869,1
453,1669,1
453,869,1
453,1669,1
723,1198,1
852,1258,1
1374,1706,1
1258,1874,1
1258,852,1
1258,1998,1
1258,999,1
1992,1198,1
1992,723,1
852,1258,1
223,1159,1
1198,723,1
723,1198,1
1992,1144,1
1992,1440,1
521,1874,1
1894,852,1
1998,1258,1
1998,852,1
630,453,1
1369,1144,1
1992,1198,1
1992,723,1
1369,1144,1
45,1144,1
45,1144,1
1385,453,1
511,511,1
511,511,1
511,511,1
511,511,1
511,1144,1
511,1874,1
1992,45,1
1992,1144,1
723,1144,1
1380,1144,1
1258,1894,1
1998,21,1
1998,1440,1
723,1144,1
852,1992,1
723,1144,1
1258,350,1
1258,1586,1
1258,1874,1
1258,1751,1
1246,1159,1
1258,1144,1
723,1144,1
723,1258,1
1393,1287,1
1287,1393,1
1992,1144,1
1992,723,1
45,1144,1
217,585,1
217,1899,1
723,1144,1
1393,1287,1
228,1159,1
630,453,1
1992,1144,1
1992,723,1
1380,1144,1
1440,1998,1
45,1144,1
764,1159,1
453,630,1
1369,1144,1
1839,1874,1
1839,1586,1
1800,1159,1
1992,1144,1
1992,1380,1
1839,1874,1
1839,511,1
1380,1144,1
1440,511,1
1440,1874,1
841,1151,1
841,217,1
1369,21,1
1258,833,1
702,453,1
1586,350,1
1992,1144,1
1992,1380,1
245,1058,1
245,410,1
245,453,1
245,329,1
245,1906,1
245,1587,1
245,1987,1
245,1768,1
805,1159,1
1998,1144,1
1998,1380,1
511,1874,1
511,1974,1
999,1144,1
999,1144,1
999,1369,1
1974,1144,1
1974,1369,1
630,453,1
1998,1151,1
1998,217,1
1998,841,1
585,1144,1
511,1874,1
511,1974,1
1974,1144,1
1992,1144,1
1992,1369,1
1992,999,1
1580,1144,1
1580,1198,1
1198,1992,1
1198,723,1
511,1874,1
1586,999,1
1586,1874,1
1586,1751,1
1586,1258,1
1974,1144,1
1586,1839,1
999,1586,1
1258,833,1
1258,999,1
1595,1377,1
1258,1440,1
1287,1876,1
1440,1258,1
1380,1144,1
1287,1876,1
1287,1669,1
1380,1144,1
1706,521,1
1974,21,1
1287,1393,1
1974,1144,1
1974,1998,1
1974,1380,1
1669,1323,1
1669,869,1
453,702,1
1974,1874,1
1974,1258,1
1974,1998,1
1974,999,1
999,1080,1
999,1974,1
999,1998,1
999,1258,1
1669,1430,1
1669,2027,1
1669,702,1
272,1144,1
1894,1144,1
137,1159,1
511,1440,1
511,1258,1
1669,702,1
1440,511,1
1669,872,1
1669,872,1
1669,869,1
1258,1974,1
702,1669,1
1974,1258,1
1258,1440,1
1258,1974,1
895,1876,1
1974,1258,1
1974,1899,1
1998,1974,1
1998,1899,1
1998,1258,1
511,756,1
1844,1144,1
1844,1380,1
1440,1258,1
1669,2010,1
869,1586,1
869,1576,1
1576,453,1
1,1669,1
1,1235,1
1737,115,1
245,278,1
999,1440,1
999,1258,1
263,1159,1
511,21,1
511,829,1
511,1874,1
87,1159,1
1277,1669,1
1287,1419,1
1287,1876,1
987,1159,1
223,1159,1
1595,1377,1
1578,1144,1
1578,1380,1
1758,1159,1
1198,1144,1
511,1120,1
511,465,1
511,14,1
511,1576,1
511,1369,1
511,641,1
511,410,1
511,794,1
511,1874,1
511,272,1
511,165,1
511,1323,1
511,585,1
511,852,1
511,47,1
511,203,1
511,120,1
511,999,1
511,453,1
511,1019,1
511,1987,1
511,1894,1
511,1586,1
511,1258,1
511,1792,1
511,1587,1
511,1430,1
511,1670,1
511,980,1
511,306,1
511,690,1
511,1743,1
511,329,1
511,1963,1
511,419,1
511,558,1
511,412,1
511,1501,1
511,817,1
511,266,1
511,1434,1
511,217,1
511,1467,1
511,25,1
511,457,1
511,1522,1
511,890,1
511,1241,1
511,24,1
511,1976,1
511,1440,1
511,1179,1
511,1839,1
511,1120,1
511,465,1
511,14,1
511,1576,1
511,1369,1
511,641,1
511,410,1
511,794,1
511,1874,1
511,272,1
511,165,1
511,1323,1
511,585,1
511,852,1
511,47,1
511,203,1
511,120,1
511,999,1
511,453,1
511,1019,1
511,1987,1
511,1894,1
511,1586,1
511,1258,1
511,1792,1
511,1587,1
511,1430,1
511,1670,1
511,980,1
511,306,1
511,690,1
511,1743,1
511,329,1
511,1963,1
511,419,1
511,558,1
511,412,1
511,1501,1
511,817,1
511,266,1
511,1434,1
511,217,1
511,1467,1
511,25,1
511,457,1
511,1522,1
511,890,1
511,1241,1
511,24,1
511,1976,1
511,1440,1
511,1179,1
511,1839,1
1278,1144,1
999,1963,1
999,1874,1
999,1258,1
999,1998,1
148,1706,1
1974,1899,1
1974,1258,1
1974,1998,1
1669,646,1
730,1669,1
999,21,1
278,245,1
217,1899,1
217,1974,1
217,1998,1
217,1258,1
1999,1,1
1669,730,1
730,1669,1
1974,217,1
1974,1899,1
1974,1258,1
1974,1998,1
1291,1291,1
34,1144,1
245,278,1
1058,245,1
453,1287,1
350,1258,1
869,453,1
869,993,1
1287,1419,1
1287,1876,1
1942,1151,1
1198,1144,1
1287,453,1
1287,453,1
511,1231,1
511,829,1
1669,730,1
217,1151,1
217,1942,1
869,1669,1
869,453,1
869,1669,1
869,453,1
1669,730,1
1669,730,1
1669,730,1
852,1874,1
852,1467,1
511,1440,1
511,1258,1
511,999,1
1384,1159,1
1369,1899,1
1440,511,1
1522,1899,1
1522,1369,1
740,1706,1
999,1963,1
999,1874,1
999,1258,1
999,1998,1
1369,1522,1
1369,1899,1
511,1440,1
1037,80,1
1037,1444,1
1037,1195,1
1037,1306,1
1037,1377,1
1037,1159,1
1037,1981,1
137,1159,1
203,151,1
993,869,1
993,578,1
1894,1144,1
882,1306,1
882,1906,1
882,386,1
882,1377,1
882,1159,1
882,246,1
882,1306,1
882,1906,1
882,386,1
882,1377,1
882,1159,1
882,246,1
453,993,1
453,993,1
1998,1151,1
1998,217,1
1998,1942,1
1504,1,1
585,1278,1
1380,1144,1
453,869,1
1380,1144,1
1844,1144,1
1844,1198,1
1963,1874,1
1963,1258,1
1963,1998,1
1963,999,1
656,1144,1
882,1306,1
882,1906,1
882,386,1
882,1377,1
882,1159,1
882,246,1
882,1306,1
882,1906,1
882,386,1
882,1377,1
882,1159,1
882,246,1
223,1159,1
1258,1874,1
1258,1998,1
1258,1963,1
1258,999,1
841,1151,1
217,1151,1
217,841,1
1768,1874,1
1768,1987,1
999,1258,1
999,1899,1
1995,1144,1
833,1258,1
1037,80,1
1037,1444,1
1037,1195,1
1037,1306,1
1037,1377,1
1037,1159,1
1037,1981,1
993,1956,1
993,869,1
993,155,1
211,211,1
1278,1144,1
841,1151,1
841,943,1
841,217,1
841,1942,1
1876,1287,1
1894,1258,1
1894,1899,1
1894,999,1
1198,1144,1
1501,1144,1
1278,1144,1
223,1159,1
605,1144,1
403,1144,1
1501,1144,1
1580,1144,1
1580,1198,1
1198,1144,1
833,1258,1
511,1258,1
511,1874,1
511,1963,1
511,1998,1
511,999,1
1580,1144,1
1580,1501,1
1522,1144,1
895,1876,1
1844,1144,1
1844,1501,1
793,1889,1
872,1669,1
793,1889,1
1580,1144,1
1580,403,1
1380,1144,1
872,1669,1
229,227,1
1021,1021,1
1258,1899,1
1522,1144,1
339,1144,1
1894,1258,1
1894,1899,1
511,1894,1
511,1258,1
511,1899,1
585,1144,1
585,1380,1
223,1159,1
793,1889,1
1501,1874,1
1501,1258,1
278,1058,1
642,547,1
1258,1874,1
1278,1144,1
1058,278,1
278,144,1
1874,1258,1
1278,1144,1
1120,1576,1
1120,1669,1
1120,385,1
1120,479,1
793,1889,1
1058,278,1
1894,1144,1
882,1906,1
882,386,1
882,1424,1
882,1306,1
882,1377,1
882,1159,1
882,246,1
882,1906,1
882,386,1
882,1424,1
882,1306,1
882,1377,1
882,1159,1
882,246,1
13,1792,1
1258,1874,1
278,1058,1
1287,1669,1
1287,1669,1
1058,278,1
245,278,1
993,453,1
2027,895,1
1625,1625,1
1625,1625,1
1625,1625,1
155,869,1
155,993,1
793,1889,1
869,155,1
869,993,1
869,155,1
869,993,1
2027,1955,1
895,2027,1
144,278,1
702,1669,1
2027,895,1
1669,1287,1
1669,1287,1
1278,1144,1
895,2027,1
1278,1144,1
278,245,1
1586,999,1
1586,1874,1
1586,1258,1
1586,1751,1
882,1306,1
882,1906,1
882,386,1
882,1377,1
882,1159,1
882,246,1
882,1306,1
882,1906,1
882,386,1
882,1377,1
882,1159,1
882,246,1
511,1874,1
2027,895,1
869,155,1
869,993,1
1669,634,1
1669,702,1
1159,869,1
1159,993,1
1625,1625,1
1625,1625,1
1625,1625,1
1669,702,1
1999,1,1
500,1159,1
737,1144,1
737,628,1
737,553,1
245,278,1
737,737,1
737,737,1
737,737,1
1159,1831,1
1287,1839,1
1641,1377,1
656,1144,1
1,453,1
1258,1874,1
1258,1998,1
1258,999,1
511,1874,1
151,1874,1
151,1751,1
151,795,1
1839,285,1
1159,1287,1
1998,1874,1
1998,1258,1
1998,1963,1
1998,999,1
1278,1309,1
895,2027,1
223,1159,1
999,1278,1
999,1874,1
511,1874,1
1278,1874,1
1278,999,1
999,1278,1
1669,1881,1
1669,691,1
1669,1881,1
1809,1706,1
1587,453,1
341,1706,1
1277,895,1
895,1277,1
1277,895,1
1287,990,1
1287,1876,1
5,1159,1
1839,1287,1
882,1306,1
882,1159,1
882,1377,1
1456,1706,1
339,1144,1
702,453,1
1882,993,1
993,578,1
993,869,1
993,869,1
841,1151,1
841,217,1
702,1669,1
1277,1669,1
1277,1277,1
1882,453,1
1369,1874,1
1369,1258,1
1287,2006,1
1278,1144,1
1278,1144,1
869,1669,1
1404,1159,1
1831,453,1
1974,1874,1
991,741,1
1287,1876,1
991,915,1
1874,1874,1
1874,1015,1
1874,229,1
511,1874,1
1393,1287,1
1159,869,1
869,453,1
999,1963,1
999,1874,1
999,1258,1
999,1998,1
585,1144,1
1287,453,1
1287,453,1
1998,1874,1
1998,1258,1
1998,1963,1
1998,999,1
1278,1144,1
999,1963,1
999,1874,1
999,1258,1
999,1998,1
1287,1669,1
1287,1669,1
1998,1874,1
1998,1258,1
1998,1963,1
1998,999,1
1278,1144,1
793,1889,1
1844,536,1
882,449,1
882,1159,1
882,1377,1
1669,1956,1
999,536,1
999,1844,1
630,453,1
630,453,1
1669,869,1
1669,1586,1
1669,1576,1
1576,869,1
1576,1669,1
1576,1586,1
1576,869,1
1576,1669,1
1576,1586,1
1586,1576,1
1669,841,1
841,1669,1
1974,1144,1
1380,1144,1
1287,1393,1
1831,453,1
1595,1377,1
1625,1625,1
1625,1625,1
1844,536,1
1844,999,1
1258,1258,1
999,536,1
999,1844,1
993,112,1
1998,1844,1
1998,536,1
1998,999,1
1844,536,1
1844,1998,1
1844,999,1
1501,999,1
346,1706,1
1874,933,1
1874,1874,1
1159,1831,1
993,869,1
1974,1874,1
1866,1706,1
993,869,1
702,453,1
702,1768,1
151,203,1
907,1706,1
999,1501,1
1974,1144,1
1501,999,1
1595,1377,1
999,1501,1
993,1669,1
993,713,1
993,1669,1
993,713,1
1501,999,1
1580,1522,1
1580,1144,1
1287,1876,1
1839,1287,1
1839,1287,1
1839,1287,1
1768,1501,1
1369,21,1
339,1144,1
339,1974,1
1874,1974,1
999,1501,1
1768,702,1
1974,1874,1
585,1874,1
585,1874,1
852,1501,1
852,999,1
702,1601,1
702,1669,1
1263,246,1
1874,1501,1
1874,852,1
1874,999,1
999,1144,1
1601,702,1
1287,1876,1
999,1501,1
999,1874,1
999,852,1
1587,1501,1
1587,1874,1
1587,852,1
1587,999,1
793,1889,1
1839,1510,1
1839,1576,1
1839,1369,1
1839,1874,1
1839,1241,1
1839,904,1
1839,465,1
1839,1878,1
1839,479,1
1839,1751,1
1839,1510,1
1839,999,1
1839,12,1
1839,2001,1
1839,1987,1
1839,1081,1
1839,1586,1
1839,1258,1
1839,1792,1
1839,827,1
1839,64,1
1839,1670,1
1839,1718,1
1839,1669,1
1839,119,1
1839,980,1
1839,1323,1
1839,1963,1
1839,1629,1
1839,419,1
1839,155,1
1839,690,1
1839,266,1
1839,1430,1
1839,1963,1
1839,457,1
1839,574,1
1839,1845,1
1839,1191,1
1839,511,1
1839,1100,1
1839,1510,1
1839,1576,1
1839,1369,1
1839,1874,1
1839,1241,1
1839,904,1
1839,465,1
1839,1878,1
1839,479,1
1839,1751,1
1839,1510,1
1839,999,1
1839,12,1
1839,2001,1
1839,1987,1
1839,1081,1
1839,1586,1
1839,1258,1
1839,1792,1
1839,827,1
1839,64,1
1839,1670,1
1839,1718,1
1839,1669,1
1839,119,1
1839,980,1
1839,1323,1
1839,1963,1
1839,1629,1
1839,419,1
1839,155,1
1839,690,1
1839,266,1
1839,1430,1
1839,1963,1
1839,457,1
1839,574,1
1839,1845,1
1839,1191,1
1839,511,1
1839,1100,1
1839,1510,1
1839,1576,1
1839,1369,1
1839,1874,1
1839,1241,1
1839,904,1
1839,465,1
1839,1878,1
1839,479,1
1839,1751,1
1839,1510,1
1839,999,1
1839,12,1
1839,2001,1
1839,1987,1
1839,1081,1
1839,1586,1
1839,1258,1
1839,1792,1
1839,827,1
1839,64,1
1839,1670,1
1839,1718,1
1839,1669,1
1839,119,1
1839,980,1
1839,1323,1
1839,1963,1
1839,1629,1
1839,419,1
1839,155,1
1839,690,1
1839,266,1
1839,1430,1
1839,1963,1
1839,457,1
1839,574,1
1839,1845,1
1839,1191,1
1839,511,1
1839,1100,1
702,1601,1
702,1768,1
1,453,1
1874,933,1
1874,1874,1
1963,1874,1
1963,1258,1
1963,999,1
1277,1669,1
1974,1874,1
1974,1440,1
1974,1258,1
1974,999,1
1874,1587,1
1874,1501,1
1874,852,1
1874,999,1
1669,898,1
1440,1974,1
1844,1587,1
1844,1501,1
1844,1874,1
1844,852,1
1844,999,1
1874,1258,1
1874,1440,1
1874,1974,1
1874,999,1
599,599,1
1258,1768,1
1768,1258,1
1998,1144,1
1998,999,1
1974,1144,1
1974,1998,1
1974,999,1
1380,1144,1
1580,1144,1
1580,1440,1
1669,1881,1
999,1144,1
999,1974,1
999,1998,1
1287,1435,1
1989,1989,1
1669,702,1
999,1440,1
999,1874,1
999,1974,1
999,1258,1
1287,1876,1
656,656,1
1440,999,1
1287,453,1
1287,453,1
1796,895,1
1669,713,1
1669,993,1
1625,1625,1
1625,1625,1
1625,1625,1
1669,702,1
1839,1120,1
1839,1576,1
1839,1510,1
1839,558,1
1839,1523,1
1839,904,1
1839,2006,1
1839,1241,1
1839,1987,1
1839,1878,1
1839,120,1
1839,999,1
1839,1278,1
1839,465,1
1839,1586,1
1839,1258,1
1839,1792,1
1839,556,1
1839,1670,1
1839,1669,1
1839,1323,1
1839,1963,1
1839,1080,1
1839,419,1
1839,155,1
1839,1011,1
1839,690,1
1839,1430,1
1839,1919,1
1839,457,1
1839,574,1
1839,333,1
1839,827,1
1839,479,1
1974,1440,1
1974,999,1
702,1669,1
1669,1586,1
1669,702,1
92,1144,1
92,1380,1
1998,1144,1
1998,1974,1
1998,999,1
915,991,1
1501,999,1
702,1669,1
1874,1874,1
1874,1200,1
1440,511,1
1628,1,1
1669,453,1
1669,453,1
1874,1974,1
679,1706,1
511,1440,1
453,1669,1
1669,453,1
1669,453,1
585,1144,1
883,547,1
1839,1669,1
1839,1586,1
1669,1839,1
883,547,1
223,1159,1
1586,1874,1
1586,1258,1
1586,999,1
1520,453,1
993,453,1
993,1956,1
1198,1144,1
1874,1440,1
1874,1120,1
1963,1899,1
1974,1874,1
585,1144,1
1874,1258,1
1874,1369,1
1844,1587,1
1844,1501,1
1844,1874,1
1844,852,1
1844,999,1
1874,1309,1
1874,1278,1
1998,1144,1
1278,1309,1
1278,1874,1
1578,92,1
1578,1144,1
1578,1380,1
69,278,1
1874,960,1
1874,999,1
1874,1751,1
1874,1258,1
1874,999,1
1874,1751,1
1874,1258,1
1874,347,1
999,1874,1
999,1751,1
999,1258,1
1287,1435,1
92,1144,1
92,1198,1
585,1144,1
1874,1974,1
1278,1144,1
1974,1874,1
1380,1144,1
1770,1874,1
1770,1258,1
1770,1963,1
1770,999,1
1323,1669,1
1323,1586,1
217,1899,1
217,1963,1
1258,1144,1
1258,585,1
585,1144,1
585,1258,1
347,1874,1
92,1144,1
92,1198,1
1874,1974,1
999,1144,1
999,585,1
999,1258,1
1974,1874,1
939,1144,1
1751,1874,1
1751,1258,1
1751,999,1
1380,1144,1
585,1144,1
585,1258,1
585,999,1
1987,1874,1
1419,1287,1
1419,1876,1
1874,1987,1
1159,1520,1
511,1874,1
511,1874,1
1876,1287,1
1440,1874,1
1440,1258,1
1440,999,1
1876,1287,1
1380,1144,1
1159,1520,1
1258,1144,1
511,1874,1
829,1874,1
723,1144,1
1258,999,1
1258,1874,1
1258,1844,1
1258,1501,1
1258,1587,1
1258,852,1
1419,1876,1
1419,1287,1
353,453,1
793,1889,1
1894,1144,1
1998,1899,1
993,1669,1
993,1669,1
829,511,1
999,1899,1
1239,1144,1
1894,1899,1
1894,1998,1
1839,1669,1
1501,1239,1
511,1894,1
511,1899,1
511,1998,1
363,1159,1
1669,1839,1
1683,1834,1
1683,246,1
793,1889,1
217,1899,1
217,999,1
1369,217,1
1369,1899,1
1369,999,1
2006,1287,1
793,1889,1
829,1874,1
1876,2006,1
999,1874,1
999,1258,1
999,1998,1
1159,869,1
1874,1167,1
1159,1577,1
278,1838,1
1269,536,1
1874,1167,1
1737,115,1
1231,829,1
1231,511,1
895,1277,1
1449,1874,1
1449,852,1
630,895,1
1277,895,1
129,1159,1
793,1889,1
217,1269,1
217,536,1
585,1144,1
585,585,1
585,1258,1
585,999,1
1669,898,1
1839,1669,1
1159,702,1
1618,1159,1
1839,1120,1
1839,1576,1
1839,203,1
1839,1510,1
1839,1874,1
1839,1830,1
1839,465,1
1839,1878,1
1839,999,1
1839,453,1
1839,1987,1
1839,1586,1
1839,1258,1
1839,539,1
1839,1669,1
1839,1792,1
1839,1963,1
1839,419,1
1839,412,1
1839,1052,1
1839,1768,1
1839,479,1
1839,1120,1
1839,1576,1
1839,203,1
1839,1510,1
1839,1874,1
1839,1830,1
1839,465,1
1839,1878,1
1839,999,1
1839,453,1
1839,1987,1
1839,1586,1
1839,1258,1
1839,539,1
1839,1669,1
1839,1792,1
1839,1963,1
1839,419,1
1839,412,1
1839,1052,1
1839,1768,1
1839,479,1
1839,1120,1
1839,1576,1
1839,203,1
1839,1510,1
1839,1874,1
1839,1830,1
1839,465,1
1839,1878,1
1839,999,1
1839,453,1
1839,1987,1
1839,1586,1
1839,1258,1
1839,539,1
1839,1669,1
1839,1792,1
1839,1963,1
1839,419,1
1839,412,1
1839,1052,1
1839,1768,1
1839,479,1
1706,1974,1
1874,1299,1
793,1889,1
1618,1159,1
1618,572,1
1625,1625,1
1625,1625,1
1625,1625,1
92,1144,1
92,1198,1
917,1159,1
689,547,1
1876,1287,1
605,1144,1
34,1144,1
403,1144,1
1876,1287,1
852,1144,1
852,34,1
1998,1144,1
1998,34,1
1998,852,1
852,1874,1
793,1889,1
1159,1575,1
2006,1876,1
1258,1874,1
1258,1998,1
1258,999,1
341,1706,1
1239,1144,1
252,1,1
956,895,1
943,1151,1
943,217,1
943,841,1
943,1998,1
363,1159,1
1876,1287,1
1628,1,1
1198,1998,1
1998,1198,1
1198,1144,1
943,1151,1
943,217,1
943,1942,1
793,1889,1
465,1874,1
498,1159,1
498,1706,1
498,547,1
498,1952,1
943,217,1
943,841,1
943,1425,1
1998,1874,1
1998,1258,1
1998,999,1
1291,1144,1
1291,1239,1
453,195,1
957,1952,1
1116,1952,1
1159,1669,1
793,1889,1
999,1998,1
1291,1144,1
1291,1198,1
1220,1220,1
1198,1144,1
793,1889,1
1998,1899,1
793,1889,1
252,1,1
1258,1998,1
793,1889,1
1380,1144,1
1998,1522,1
1998,1899,1
1380,1144,1
1586,1669,1
1291,1144,1
1291,1380,1
990,1287,1
1625,1625,1
1625,1625,1
1625,1625,1
1328,713,1
1328,453,1
1328,713,1
1328,453,1
1328,1587,1
1328,897,1
1328,1070,1
1328,358,1
1328,572,1
1328,245,1
1328,1158,1
1328,453,1
1328,410,1
1838,547,1
1706,511,1
1278,1380,1
1522,1899,1
1522,1998,1
1278,1380,1
1380,1144,1
793,1889,1
1198,1144,1
730,1669,1
92,1144,1
92,1380,1
403,1144,1
1177,1874,1
1595,1377,1
1291,1144,1
1291,1198,1
1911,1706,1
92,1144,1
92,403,1
960,1874,1
1198,1144,1
1881,1669,1
1881,691,1
1881,1669,1
1881,1669,1
741,991,1
1881,1669,1
1198,1144,1
34,1144,1
34,1198,1
990,1287,1
178,453,1
1669,730,1
761,1113,1
761,547,1
761,1838,1
761,480,1
761,808,1
1625,1625,1
1625,1625,1
1625,1625,1
1198,1144,1
1595,1377,1
621,895,1
943,1151,1
943,217,1
943,841,1
1291,92,1
1291,1144,1
1291,403,1
1669,1846,1
1669,1846,1
1666,1706,1
341,1706,1
1628,1,1
1291,1144,1
1291,1198,1
1441,1159,1
596,596,1
1025,1440,1
1025,1874,1
1025,1670,1
1291,1144,1
1291,1198,1
1258,1258,1
1625,1625,1
1625,1625,1
1625,1625,1
898,1377,1
1974,429,1
1159,1039,1
1121,547,1
1258,1874,1
1258,1768,1
1258,1874,1
1258,1768,1
1575,453,1
898,1377,1
942,1706,1
1278,1144,1
1669,1586,1
1628,1,1
1435,1287,1
1870,1,1
1846,453,1
1846,453,1
1846,1669,1
1846,1669,1
1435,1287,1
1957,453,1
1957,1952,1
164,1706,1
679,1706,1
1737,115,1
1221,1874,1
1526,1159,1
1392,1392,1
1037,80,1
1037,1444,1
1037,1195,1
1037,1306,1
1037,1377,1
1037,1159,1
1037,1981,1
1625,1625,1
1625,1625,1
1625,1625,1
1625,1625,1
1625,1625,1
1625,1625,1
1601,1669,1
1601,702,1
882,1906,1
882,386,1
882,1424,1
882,1306,1
882,1377,1
882,1159,1
882,246,1
1906,386,1
1906,1424,1
1906,1377,1
1906,246,1
1906,1159,1
1906,1306,1
1906,386,1
1906,1424,1
1906,1377,1
1906,246,1
1906,1159,1
1906,1306,1
838,1874,1
1157,1159,1
1164,278,1
1039,453,1
1039,453,1
1957,1874,1
1575,453,1
1932,1874,1
882,449,1
882,1159,1
882,1377,1
1728,1706,1
1874,1522,1
1874,1899,1
1874,1998,1
1369,1522,1
1369,1874,1
1369,1899,1
1369,1998,1
1874,21,1
1874,999,1
1374,1706,1
1874,1278,1
723,1144,1
723,1144,1
723,1144,1
1440,1144,1
453,760,1
1992,1144,1
1992,723,1
723,1144,1
1440,1144,1
1992,1144,1
1992,723,1
1992,1144,1
1992,723,1
1992,1144,1
1992,1440,1
702,1287,1
1440,1144,1
702,1601,1
1369,1369,1
1369,1369,1
1369,1369,1
1369,1369,1
1369,1369,1
1369,1144,1
1992,1144,1
1992,1440,1
1992,1144,1
1992,1440,1
453,760,1
999,1874,1
1369,1874,1
605,1144,1
605,1144,1
228,1159,1
34,1144,1
1440,1874,1
1440,1258,1
1440,999,1
34,1992,1
217,1144,1
217,1144,1
999,217,1
764,1159,1
1246,1159,1
1800,1159,1
92,1992,1
92,1144,1
92,1440,1
999,1144,1
1,453,1
760,453,1
805,1159,1
92,1992,1
92,1144,1
92,723,1
1706,1369,1
511,668,1
511,177,1
511,1874,1
511,1258,1
511,1998,1
691,453,1
453,691,1
737,1927,1
737,1974,1
737,14,1
737,136,1
737,1532,1
737,1791,1
737,1331,1
737,873,1
737,1874,1
737,599,1
737,272,1
737,1409,1
737,1064,1
737,585,1
737,1845,1
737,45,1
737,1295,1
737,168,1
737,411,1
737,852,1
737,1580,1
737,344,1
737,74,1
737,717,1
737,1467,1
737,403,1
737,737,1
737,1278,1
737,108,1
737,1894,1
737,1942,1
737,196,1
737,1597,1
737,723,1
737,1608,1
737,521,1
737,1995,1
737,1239,1
737,1578,1
737,1269,1
737,1084,1
737,1998,1
737,961,1
737,1963,1
737,1380,1
737,1587,1
737,1194,1
737,1501,1
737,650,1
737,939,1
737,92,1
737,280,1
737,1129,1
737,955,1
737,1782,1
737,964,1
737,217,1
737,1258,1
737,25,1
737,457,1
737,605,1
737,1522,1
737,999,1
737,1291,1
737,1453,1
737,511,1
737,841,1
737,827,1
737,903,1
737,1854,1
737,1432,1
737,1440,1
737,218,1
737,1936,1
737,339,1
691,453,1
999,1874,1
999,1258,1
999,1998,1
411,1144,1
999,1874,1
999,1073,1
999,511,1
999,1258,1
999,47,1
585,217,1
585,999,1
1258,1899,1
217,1258,1
217,1899,1
1440,1144,1
760,453,1
511,217,1
511,1258,1
511,1899,1
155,56,1
155,56,1
155,56,1
155,56,1
155,56,1
1583,1159,1
1369,1120,1
1369,465,1
1369,14,1
1369,1576,1
1369,203,1
1369,641,1
1369,410,1
1369,794,1
1369,1874,1
1369,272,1
1369,165,1
1369,1323,1
1369,585,1
1369,852,1
1369,47,1
1369,120,1
1369,999,1
1369,453,1
1369,1019,1
1369,1987,1
1369,1894,1
1369,1586,1
1369,1258,1
1369,1792,1
1369,1587,1
1369,1430,1
1369,1670,1
1369,980,1
1369,306,1
1369,690,1
1369,1743,1
1369,329,1
1369,1963,1
1369,419,1
1369,558,1
1369,412,1
1369,1501,1
1369,817,1
1369,266,1
1369,1434,1
1369,217,1
1369,1467,1
1369,25,1
1369,457,1
1369,1522,1
1369,890,1
1369,1241,1
1369,24,1
1369,1976,1
1369,511,1
1369,1440,1
1369,1179,1
1369,1839,1
1369,1120,1
1369,465,1
1369,14,1
1369,1576,1
1369,203,1
1369,641,1
1369,410,1
1369,794,1
1369,1874,1
1369,272,1
1369,165,1
1369,1323,1
1369,585,1
1369,852,1
1369,47,1
1369,120,1
1369,999,1
1369,453,1
1369,1019,1
1369,1987,1
1369,1894,1
1369,1586,1
1369,1258,1
1369,1792,1
1369,1587,1
1369,1430,1
1369,1670,1
1369,980,1
1369,306,1
1369,690,1
1369,1743,1
1369,329,1
1369,1963,1
1369,419,1
1369,558,1
1369,412,1
1369,1501,1
1369,817,1
1369,266,1
1369,1434,1
1369,217,1
1369,1467,1
1369,25,1
1369,457,1
1369,1522,1
1369,890,1
1369,1241,1
1369,24,1
1369,1976,1
1369,511,1
1369,1440,1
1369,1179,1
1369,1839,1
2027,155,1
2027,56,1
2027,155,1
2027,56,1
2027,155,1
2027,56,1
2027,155,1
2027,56,1
2027,155,1
2027,56,1
92,1992,1
92,1144,1
92,1440,1
1287,702,1
1287,1120,1
702,1287,1
1669,1770,1
1669,713,1
1120,1287,1
1287,702,1
1287,1120,1
702,1287,1
1669,713,1
1669,713,1
1669,993,1
993,1669,1
993,1669,1
713,1669,1
1669,2027,1
1669,1277,1
34,1144,1
1120,1287,1
1287,1120,1
1277,1669,1
1277,2027,1
1669,453,1
1669,453,1
2027,1669,1
2027,1277,1
727,727,1
217,999,1
217,1874,1
217,177,1
217,511,1
217,1258,1
217,1998,1
137,1159,1
1278,1751,1
1278,1874,1
1278,1258,1
1278,1963,1
1278,999,1
182,511,1
182,756,1
511,182,1
511,756,1
1669,1394,1
999,217,1
217,999,1
1669,248,1
1669,1906,1
511,217,1
511,999,1
1874,1751,1
1874,1278,1
1874,1258,1
1874,1963,1
1874,999,1
1874,833,1
1874,1258,1
999,1278,1
999,1874,1
999,1258,1
999,1963,1
999,1751,1
1278,1751,1
1278,1874,1
1278,1258,1
1278,1963,1
1278,999,1
993,869,1
1874,1587,1
1874,457,1
1874,1399,1
1874,683,1
1874,852,1
1669,1277,1
993,112,1
691,1669,1
1587,457,1
1587,1399,1
1587,1874,1
1587,683,1
1587,852,1
453,1669,1
1874,585,1
1874,1874,1
1669,453,1
1669,453,1
453,1669,1
453,1669,1
34,1144,1
1669,453,1
1669,453,1
1874,1874,1
1874,1839,1
987,1159,1
911,246,1
87,1159,1
1874,469,1
263,1159,1
1758,1159,1
1669,155,1
793,1889,1
793,1889,1
1669,1906,1
1874,557,1
702,1287,1
1380,1144,1
1998,1144,1
1287,702,1
465,1874,1
1287,702,1
1983,1159,1
993,112,1
1998,1144,1
702,1287,1
1987,1874,1
1974,1144,1
1159,1526,1
1159,702,1
793,1889,1
882,1594,1
882,1906,1
882,1306,1
882,1159,1
882,1377,1
1874,465,1
1874,1987,1
1258,1874,1
1874,833,1
1998,1874,1
1998,1258,1
1998,1963,1
1998,999,1
1998,1144,1
740,1706,1
1894,1144,1
1894,1998,1
1380,1144,1
1874,21,1
1874,747,1
1874,747,1
1998,1144,1
1998,1144,1
1998,1894,1
1586,1751,1
1874,379,1
585,1144,1
511,1998,1
511,1874,1
511,1258,1
511,1963,1
511,999,1
601,1952,1
1874,1586,1
1874,1751,1
1942,1151,1
793,1889,1
1258,1586,1
217,1151,1
217,1942,1
1586,1751,1
137,1159,1
465,1874,1
1258,1874,1
1258,511,1
1258,1998,1
1258,1963,1
1258,999,1
1287,453,1
1287,453,1
453,1287,1
1963,1899,1
1287,453,1
1287,453,1
1291,1291,1
1998,1151,1
1998,217,1
1998,1942,1
993,155,1
1874,1998,1
1874,511,1
1874,1258,1
1874,1963,1
1874,999,1
1874,541,1
511,1899,1
511,1963,1
390,795,1
390,1501,1
1159,691,1
511,1899,1
1874,21,1
1998,21,1
1998,1874,1
511,1874,1
1874,511,1
1380,1144,1
793,1889,1
1874,465,1
585,1258,1
1380,1144,1
1522,511,1
1522,1899,1
999,1144,1
1874,585,1
1874,1258,1
1578,1144,1
1578,1380,1
585,1258,1
223,1159,1
1874,585,1
1874,1258,1
1874,1586,1
713,453,1
511,1522,1
511,1899,1
511,1874,1
1874,940,1
1874,1299,1
1874,1299,1
1874,747,1
1021,1021,1
1874,853,1
1874,1586,1
1874,1751,1
1874,203,1
1453,1144,1
1453,999,1
1580,1144,1
1580,1894,1
1580,1998,1
1580,1144,1
1580,585,1
1586,1751,1
203,1751,1
1164,278,1
155,993,1
585,1144,1
585,1144,1
511,1839,1
1839,511,1
1874,284,1
1874,833,1
1514,1706,1
1440,1874,1
1440,1258,1
1440,999,1
1258,1874,1
1258,1440,1
1258,999,1
1586,1874,1
1586,1874,1
92,1144,1
92,1894,1
92,1998,1
92,1580,1
34,1144,1
1526,453,1
155,993,1
465,1874,1
1874,1440,1
1874,1258,1
1874,999,1
1874,1586,1
1874,1258,1
1694,1669,1
1694,1669,1
1874,747,1
1874,284,1
1258,1768,1
1258,412,1
1258,1874,1
1258,362,1
1874,511,1
1874,1963,1
1874,1369,1
1874,747,1
833,1874,1
833,1258,1
833,1874,1
882,449,1
882,1159,1
882,1377,1
1874,511,1
1874,1963,1
1874,1369,1
1159,1526,1
1874,511,1
1874,1963,1
1874,1369,1
1669,730,1
1669,730,1
1453,1144,1
1453,999,1
882,449,1
882,1159,1
882,1377,1
999,1453,1
1874,284,1
1998,1144,1
1453,999,1
1669,730,1
1669,1277,1
1669,2006,1
1874,585,1
1874,511,1
1874,1963,1
1874,1369,1
1669,1586,1
1669,1323,1
1669,1839,1
403,1144,1
1159,1669,1
1625,1625,1
1625,1625,1
1625,1625,1
585,511,1
585,1874,1
585,1963,1
585,1369,1
511,1874,1
511,1179,1
511,585,1
511,999,1
1278,1144,1
1792,1874,1
1792,999,1
2013,1159,1
1277,1669,1
1839,1586,1
1839,1669,1
1839,1323,1
1323,1839,1
1323,1940,1
1629,453,1
1839,1669,1
1159,209,1
1669,1839,1
1669,1323,1
1669,1839,1
1669,869,1
737,1144,1
737,1144,1
1669,1839,1
1911,1706,1
1669,248,1
1839,1287,1
1839,1287,1
1839,1287,1
453,1629,1
1987,1874,1
1641,1377,1
993,155,1
1669,453,1
1669,453,1
453,1669,1
453,1669,1
1277,453,1
833,1874,1
1198,1144,1
453,1669,1
453,1669,1
1669,1881,1
1669,453,1
1669,453,1
737,1144,1
737,628,1
737,553,1
1440,1874,1
1440,1258,1
1440,999,1
585,1144,1
1669,56,1
1669,56,1
1669,56,1
1669,56,1
1669,56,1
1440,1874,1
1440,1258,1
1440,999,1
341,547,1
793,1889,1
760,453,1
737,737,1
737,737,1
737,737,1
1578,1144,1
1578,1198,1
1440,1874,1
1440,1258,1
1440,999,1
1440,511,1
1440,1874,1
1440,1258,1
1440,1874,1
1987,1587,1
1987,1768,1
1987,153,1
1987,1874,1
1987,852,1
833,1874,1
1809,1706,1
852,1440,1
1751,1756,1
1751,1663,1
1751,1586,1
1751,203,1
1874,1440,1
1874,852,1
852,1874,1
1998,1874,1
1998,852,1
999,1144,1
793,1889,1
2027,453,1
1751,1874,1
34,1874,1
34,852,1
34,1998,1
1380,1144,1
341,1706,1
882,1594,1
882,1906,1
882,1306,1
882,1159,1
882,1377,1
747,1874,1
793,1889,1
1777,795,1
1777,1501,1
1777,390,1
1,453,1
1874,34,1
1874,852,1
1874,1998,1
346,1706,1
1751,1586,1
1179,1874,1
5,1159,1
1629,453,1
1998,1144,1
1751,1756,1
1751,1663,1
1751,1586,1
1751,203,1
1906,1594,1
1906,1306,1
1906,1159,1
1906,1377,1
34,1144,1
882,1594,1
882,1906,1
882,1306,1
882,1159,1
882,1377,1
1669,1669,1
1669,368,1
1669,453,1
1669,453,1
1278,1144,1
1159,369,1
1159,369,1
1159,1906,1
1669,1876,1
1669,1876,1
1440,1874,1
1669,1839,1
1440,1874,1
1669,1876,1
1669,1876,1
1876,1669,1
1159,760,1
1526,453,1
1974,1874,1
1974,1258,1
1974,999,1
1844,1144,1
1844,1998,1
1874,999,1
1874,1974,1
1874,1258,1
999,626,1
1998,1874,1
1998,1440,1
1906,453,1
737,1144,1
1876,1669,1
1876,1669,1
1380,1144,1
1669,730,1
1277,1669,1
1669,1277,1
1159,1480,1
1751,1756,1
1751,1663,1
1751,1586,1
1751,203,1
1737,115,1
2027,1669,1
1159,713,1
1911,1706,1
882,449,1
882,1159,1
882,1377,1
1159,713,1
1159,991,1
1159,713,1
841,1151,1
217,1151,1
217,841,1
1751,1874,1
190,227,1
1874,1874,1
1669,855,1
747,1874,1
1998,1151,1
1998,217,1
1998,841,1
987,547,1
987,1159,1
882,449,1
882,1159,1
882,1377,1
833,1874,1
1440,1144,1
1669,634,1
1669,114,1
1669,869,1
476,1669,1
476,855,1
869,1669,1
1881,1669,1
1198,1144,1
907,1706,1
719,1377,1
1441,1159,1
1881,1669,1
882,449,1
882,1159,1
882,1377,1
1258,1874,1
793,1889,1
599,599,1
793,1889,1
411,21,1
730,1669,1
1440,411,1
747,1874,1
2027,1955,1
411,1440,1
1037,430,1
1037,1159,1
1037,1377,1
1299,1874,1
793,1889,1
1911,1706,1
656,656,1
411,1874,1
411,1258,1
411,1963,1
411,999,1
1844,1144,1
1844,1440,1
1844,1144,1
1844,1198,1
1258,21,1
1037,430,1
1037,1159,1
1037,1377,1
585,1874,1
1269,536,1
730,1669,1
1625,1625,1
1625,1625,1
1625,1625,1
1874,251,1
793,1889,1
1974,1440,1
1974,411,1
1874,975,1
1440,1874,1
411,1874,1
411,1258,1
411,1963,1
411,999,1
1874,585,1
1874,1874,1
1874,1586,1
585,1874,1
1669,730,1
1274,1069,1
1274,404,1
1274,1155,1
1274,91,1
1274,191,1
1274,453,1
1274,1993,1
1274,1405,1
1274,44,1
1274,734,1
1274,388,1
1274,348,1
1274,509,1
1274,1667,1
1274,1103,1
1274,1445,1
1274,2025,1
1274,516,1
1274,1042,1
1274,1975,1
1274,1803,1
1274,958,1
1274,783,1
1274,1528,1
1274,488,1
1274,891,1
411,1874,1
411,1258,1
411,1963,1
411,999,1
1667,1274,1
999,585,1
730,1669,1
585,999,1
1874,585,1
1874,999,1
1669,730,1
585,1144,1
730,1669,1
1239,1144,1
1669,730,1
939,1144,1
209,453,1
511,1874,1
1844,1144,1
