-- Guest
INSERT INTO Guest (firstname, lastname, email, phone, birth_date, street, city, postal_code, country, guest_type, registration_date, notes) VALUES
('Jan', 'Novák', 'jan.novak@email.cz', '123456789', TO_DATE('1990-01-01', 'YYYY-MM-DD'), 'Hlavní 1', 'Praha', '11000', 'ČR', 'standard', SYSDATE, NULL);
INSERT INTO Guest (firstname, lastname, email, phone, birth_date, street, city, postal_code, country, guest_type, registration_date, notes) VALUES
('Petr', 'Svoboda', 'petr.svoboda@email.cz', '234567890', TO_DATE('1985-02-02', 'YYYY-MM-DD'), 'Vedlejší 2', 'Brno', '60200', 'ČR', 'vip', SYSDATE, NULL);
INSERT INTO Guest (firstname, lastname, email, phone, birth_date, street, city, postal_code, country, guest_type, registration_date, notes) VALUES
('Eva', 'Dvořáková', 'eva.dvorakova@email.cz', '345678901', TO_DATE('1992-03-03', 'YYYY-MM-DD'), 'Třetí 3', 'Ostrava', '70030', 'ČR', 'standard', SYSDATE, NULL);
INSERT INTO Guest (firstname, lastname, email, phone, birth_date, street, city, postal_code, country, guest_type, registration_date, notes) VALUES
('Lucie', 'Králová', 'lucie.kralova@email.cz', '456789012', TO_DATE('1992-03-03', 'YYYY-MM-DD'), 'Čtvrtá 4', 'Plzeň', '30100', 'ČR', 'standard', SYSDATE, NULL);
INSERT INTO Guest (firstname, lastname, email, phone, birth_date, street, city, postal_code, country, guest_type, registration_date, notes) VALUES
('Martin', 'Procházka', 'martin.prochazka@email.cz', '567890123', TO_DATE('1992-03-03', 'YYYY-MM-DD'), 'Pátá 5', 'Liberec', '46001', 'ČR', 'vip', SYSDATE, NULL);
INSERT INTO Guest (firstname, lastname, email, phone, birth_date, street, city, postal_code, country, guest_type, registration_date, notes) VALUES
('Jana', 'Kučerová', 'jana.kucerova@email.cz', '678901234', TO_DATE('1992-03-03', 'YYYY-MM-DD'), 'Šestá 6', 'Olomouc', '77900', 'ČR', 'standard', SYSDATE, NULL);
INSERT INTO Guest (firstname, lastname, email, phone, birth_date, street, city, postal_code, country, guest_type, registration_date, notes) VALUES
('Tomáš', 'Urban', 'tomas.urban@email.cz', '789012345', TO_DATE('1992-03-03', 'YYYY-MM-DD'), 'Sedmá 7', 'Zlín', '76001', 'ČR', 'standard', SYSDATE, NULL);
INSERT INTO Guest (firstname, lastname, email, phone, birth_date, street, city, postal_code, country, guest_type, registration_date, notes) VALUES
('Barbora', 'Benešová', 'barbora.benesova@email.cz', '890123456', TO_DATE('1992-03-03', 'YYYY-MM-DD'), 'Osmá 8', 'Pardubice', '53002', 'ČR', 'vip', SYSDATE, NULL);
INSERT INTO Guest (firstname, lastname, email, phone, birth_date, street, city, postal_code, country, guest_type, registration_date, notes) VALUES
('David', 'Veselý', 'david.vesely@email.cz', '901234567', TO_DATE('1992-03-03', 'YYYY-MM-DD'), 'Devátá 9', 'Hradec Králové', '50003', 'ČR', 'standard', SYSDATE, NULL);
INSERT INTO Guest (firstname, lastname, email, phone, birth_date, street, city, postal_code, country, guest_type, registration_date, notes) VALUES
('Veronika', 'Horáková', 'veronika.horakova@email.cz', '123450987', TO_DATE('1992-03-03', 'YYYY-MM-DD'), 'Desátá 10', 'Ústí nad Labem', '40001', 'ČR', 'standard', SYSDATE, NULL);
INSERT INTO Guest (firstname, lastname, email, phone, birth_date, street, city, postal_code, country, guest_type, registration_date, notes) VALUES
('Filip', 'Němec', 'filip.nemec@email.cz', '234561098', TO_DATE('1992-03-03', 'YYYY-MM-DD'), 'Jedenáctá 11', 'České Budějovice', '37001', 'ČR', 'vip', SYSDATE, NULL);
INSERT INTO Guest (firstname, lastname, email, phone, birth_date, street, city, postal_code, country, guest_type, registration_date, notes) VALUES
('Tereza', 'Marek', 'tereza.marek@email.cz', '345672109', TO_DATE('1992-03-03', 'YYYY-MM-DD'), 'Dvanáctá 12', 'Jihlava', '58601', 'ČR', 'standard', SYSDATE, NULL);
INSERT INTO Guest (firstname, lastname, email, phone, birth_date, street, city, postal_code, country, guest_type, registration_date, notes) VALUES
('Ondřej', 'Pokorný', 'ondrej.pokorny@email.cz', '456783210', TO_DATE('1992-03-03', 'YYYY-MM-DD'), 'Třináctá 13', 'Karlovy Vary', '36001', 'ČR', 'standard', SYSDATE, NULL);
INSERT INTO Guest (firstname, lastname, email, phone, birth_date, street, city, postal_code, country, guest_type, registration_date, notes) VALUES
('Kateřina', 'Pospíšilová', 'katerina.pospisilova@email.cz', '567894321', TO_DATE('1992-03-03', 'YYYY-MM-DD'), 'Čtrnáctá 14', 'Teplice', '41501', 'ČR', 'vip', SYSDATE, NULL);
INSERT INTO Guest (firstname, lastname, email, phone, birth_date, street, city, postal_code, country, guest_type, registration_date, notes) VALUES
('Jakub', 'Hájek', 'jakub.hajek@email.cz', '678905432', TO_DATE('1992-03-03', 'YYYY-MM-DD'), 'Patnáctá 15', 'Opava', '74601', 'ČR', 'standard', SYSDATE, NULL);
INSERT INTO Guest (firstname, lastname, email, phone, birth_date, street, city, postal_code, country, guest_type, registration_date, notes) VALUES
('Michaela', 'Sedláčková', 'michaela.sedlackova@email.cz', '789016543', TO_DATE('1992-03-03', 'YYYY-MM-DD'), 'Šestnáctá 16', 'Trutnov', '54101', 'ČR', 'standard', SYSDATE, NULL);
INSERT INTO Guest (firstname, lastname, email, phone, birth_date, street, city, postal_code, country, guest_type, registration_date, notes) VALUES
('Roman', 'Doležal', 'roman.dolezal@email.cz', '890127654', TO_DATE('1992-03-03', 'YYYY-MM-DD'), 'Sedmnáctá 17', 'Příbram', '26101', 'ČR', 'vip', SYSDATE, NULL);
INSERT INTO Guest (firstname, lastname, email, phone, birth_date, street, city, postal_code, country, guest_type, registration_date, notes) VALUES
('Simona', 'Zemanová', 'simona.zemanova@email.cz', '901238765', TO_DATE('1992-03-03', 'YYYY-MM-DD'), 'Osmnáctá 18', 'Mladá Boleslav', '29301', 'ČR', 'standard', SYSDATE, NULL);
INSERT INTO Guest (firstname, lastname, email, phone, birth_date, street, city, postal_code, country, guest_type, registration_date, notes) VALUES
('Radek', 'Kolář', 'radek.kolar@email.cz', '123459876', TO_DATE('1992-03-03', 'YYYY-MM-DD'), 'Devatenáctá 19', 'Kladno', '27201', 'ČR', 'standard', SYSDATE, NULL);
INSERT INTO Guest (firstname, lastname, email, phone, birth_date, street, city, postal_code, country, guest_type, registration_date, notes) VALUES
('Alena', 'Navrátilová', 'alena.navratilova@email.cz', '234560987', TO_DATE('1992-03-03', 'YYYY-MM-DD'), 'Dvacátá 20', 'Znojmo', '66902', 'ČR', 'vip', SYSDATE, NULL);
INSERT INTO Guest (firstname, lastname, email, phone, birth_date, street, city, postal_code, country, guest_type, registration_date, notes) VALUES
('Adam', 'Nový', 'adam.novy@email.cz', '123456789', TO_DATE('1995-01-01', 'YYYY-MM-DD'), 'Nová 1', 'Praha', '11000', 'ČR', 'standard', SYSDATE, NULL);
INSERT INTO Guest (firstname, lastname, email, phone, birth_date, street, city, postal_code, country, guest_type, registration_date, notes) VALUES
('Eva', 'Nová', 'eva.nova@email.cz', '987654321', TO_DATE('1990-02-02', 'YYYY-MM-DD'), 'Staré 2', 'Brno', '60200', 'ČR', 'vip', SYSDATE, NULL);

-- Employee
INSERT INTO Employee (firstname, lastname, position, street, city, postal_code, country) VALUES
('Petr', 'Svoboda', 'recepční', 'Vedlejší 2', 'Praha', '11000', 'ČR');
INSERT INTO Employee (firstname, lastname, position, street, city, postal_code, country) VALUES
('Jana', 'Novotná', 'recepční', 'Hlavní 3', 'Brno', '60200', 'ČR');
INSERT INTO Employee (firstname, lastname, position, street, city, postal_code, country) VALUES
('Martin', 'Král', 'údržbář', 'Třetí 4', 'Ostrava', '70030', 'ČR');
INSERT INTO Employee (firstname, lastname, position, street, city, postal_code, country) VALUES
('Eva', 'Bartošová', 'pokojská', 'Čtvrtá 5', 'Plzeň', '30100', 'ČR');
INSERT INTO Employee (firstname, lastname, position, street, city, postal_code, country) VALUES
('Tomáš', 'Dvořák', 'recepční', 'Pátá 6', 'Liberec', '46001', 'ČR');
INSERT INTO Employee (firstname, lastname, position, street, city, postal_code, country) VALUES
('Lucie', 'Kovářová', 'pokojská', 'Šestá 7', 'Olomouc', '77900', 'ČR');
INSERT INTO Employee (firstname, lastname, position, street, city, postal_code, country) VALUES
('David', 'Procházka', 'údržbář', 'Sedmá 8', 'Zlín', '76001', 'ČR');
INSERT INTO Employee (firstname, lastname, position, street, city, postal_code, country) VALUES
('Barbora', 'Urbanová', 'recepční', 'Osmá 9', 'Pardubice', '53002', 'ČR');
INSERT INTO Employee (firstname, lastname, position, street, city, postal_code, country) VALUES
('Filip', 'Horák', 'recepční', 'Devátá 10', 'Hradec Králové', '50003', 'ČR');
INSERT INTO Employee (firstname, lastname, position, street, city, postal_code, country) VALUES
('Veronika', 'Němcová', 'pokojská', 'Desátá 11', 'Ústí nad Labem', '40001', 'ČR');
INSERT INTO Employee (firstname, lastname, position, street, city, postal_code, country) VALUES
('Ondřej', 'Marek', 'údržbář', 'Jedenáctá 12', 'České Budějovice', '37001', 'ČR');
INSERT INTO Employee (firstname, lastname, position, street, city, postal_code, country) VALUES
('Tereza', 'Pokorná', 'recepční', 'Dvanáctá 13', 'Jihlava', '58601', 'ČR');
INSERT INTO Employee (firstname, lastname, position, street, city, postal_code, country) VALUES
('Roman', 'Pospíšil', 'recepční', 'Třináctá 14', 'Karlovy Vary', '36001', 'ČR');
INSERT INTO Employee (firstname, lastname, position, street, city, postal_code, country) VALUES
('Kateřina', 'Hájek', 'pokojská', 'Čtrnáctá 15', 'Teplice', '41501', 'ČR');
INSERT INTO Employee (firstname, lastname, position, street, city, postal_code, country) VALUES
('Jakub', 'Sedláček', 'údržbář', 'Patnáctá 16', 'Opava', '74601', 'ČR');
INSERT INTO Employee (firstname, lastname, position, street, city, postal_code, country) VALUES
('Michaela', 'Doležalová', 'recepční', 'Šestnáctá 17', 'Trutnov', '54101', 'ČR');
INSERT INTO Employee (firstname, lastname, position, street, city, postal_code, country) VALUES
('Radek', 'Zeman', 'recepční', 'Sedmnáctá 18', 'Příbram', '26101', 'ČR');
INSERT INTO Employee (firstname, lastname, position, street, city, postal_code, country) VALUES
('Simona', 'Kolářová', 'pokojská', 'Osmnáctá 19', 'Mladá Boleslav', '29301', 'ČR');
INSERT INTO Employee (firstname, lastname, position, street, city, postal_code, country) VALUES
('Alena', 'Navrátilová', 'recepční', 'Devatenáctá 20', 'Kladno', '27201', 'ČR');
INSERT INTO Employee (firstname, lastname, position, street, city, postal_code, country) VALUES
('Jan', 'Beneš', 'údržbář', 'Dvacátá 21', 'Znojmo', '66902', 'ČR');

-- RoomType
INSERT INTO RoomType (name, bed_count) VALUES ('Jednolůžkový', 1); 
INSERT INTO RoomType (name, bed_count) VALUES ('Dvoulůžkový', 2);
INSERT INTO RoomType (name, bed_count) VALUES ('Třílůžkový', 3);
INSERT INTO RoomType (name, bed_count) VALUES ('Apartmán', 4);
INSERT INTO RoomType (name, bed_count) VALUES ('Jednolůžkový Deluxe', 1); 
INSERT INTO RoomType (name, bed_count) VALUES ('Dvoulůžkový Deluxe', 2);
INSERT INTO RoomType (name, bed_count) VALUES ('Třílůžkový Deluxe', 3);
INSERT INTO RoomType (name, bed_count) VALUES ('Apartmán Deluxe', 4);
INSERT INTO RoomType (name, bed_count) VALUES ('Jednolůžkový Economy', 1);
INSERT INTO RoomType (name, bed_count) VALUES ('Dvoulůžkový Economy', 2);
INSERT INTO RoomType (name, bed_count) VALUES ('Třílůžkový Economy', 3);
INSERT INTO RoomType (name, bed_count) VALUES ('Apartmán Economy', 4);
INSERT INTO RoomType (name, bed_count) VALUES ('Jednolůžkový Standard', 1);
INSERT INTO RoomType (name, bed_count) VALUES ('Dvoulůžkový Standard', 2);
INSERT INTO RoomType (name, bed_count) VALUES ('Třílůžkový Standard', 3);
INSERT INTO RoomType (name, bed_count) VALUES ('Apartmán Standard', 4);
INSERT INTO RoomType (name, bed_count) VALUES ('Jednolůžkový Premium', 1); 
INSERT INTO RoomType (name, bed_count) VALUES ('Dvoulůžkový Premium', 2);
INSERT INTO RoomType (name, bed_count) VALUES ('Třílůžkový Premium', 3);
INSERT INTO RoomType (name, bed_count) VALUES ('Apartmán Premium', 4);

-- Room
INSERT INTO Room (room_type_id, room_number, is_occupied) VALUES (1, '101', 0);
INSERT INTO Room (room_type_id, room_number, is_occupied) VALUES (2, '102', 0);
INSERT INTO Room (room_type_id, room_number, is_occupied) VALUES (3, '103', 0);
INSERT INTO Room (room_type_id, room_number, is_occupied) VALUES (4, '104', 0);
INSERT INTO Room (room_type_id, room_number, is_occupied) VALUES (5, '105', 0);
INSERT INTO Room (room_type_id, room_number, is_occupied) VALUES (6, '106', 0);
INSERT INTO Room (room_type_id, room_number, is_occupied) VALUES (7, '107', 0);
INSERT INTO Room (room_type_id, room_number, is_occupied) VALUES (8, '108', 0);
INSERT INTO Room (room_type_id, room_number, is_occupied) VALUES (9, '109', 0);
INSERT INTO Room (room_type_id, room_number, is_occupied) VALUES (10, '110', 0);
INSERT INTO Room (room_type_id, room_number, is_occupied) VALUES (11, '111', 0);
INSERT INTO Room (room_type_id, room_number, is_occupied) VALUES (12, '112', 0);
INSERT INTO Room (room_type_id, room_number, is_occupied) VALUES (13, '113', 0);
INSERT INTO Room (room_type_id, room_number, is_occupied) VALUES (14, '114', 0);
INSERT INTO Room (room_type_id, room_number, is_occupied) VALUES (15, '115', 0);
INSERT INTO Room (room_type_id, room_number, is_occupied) VALUES (16, '116', 0);
INSERT INTO Room (room_type_id, room_number, is_occupied) VALUES (17, '117', 0);
INSERT INTO Room (room_type_id, room_number, is_occupied) VALUES (18, '118', 0);
INSERT INTO Room (room_type_id, room_number, is_occupied) VALUES (19, '119', 0);
INSERT INTO Room (room_type_id, room_number, is_occupied) VALUES (20, '120', 0);

-- Payment
INSERT INTO Payment (total_accommodation, total_expenses, payment_date, is_paid) VALUES (2000, 300, TO_DATE('2024-06-05', 'YYYY-MM-DD'), 1);
INSERT INTO Payment (total_accommodation, total_expenses, payment_date, is_paid) VALUES (3200, 500, TO_DATE('2024-06-10', 'YYYY-MM-DD'), 1);
INSERT INTO Payment (total_accommodation, total_expenses, payment_date, is_paid) VALUES (1500, 200, TO_DATE('2024-06-15', 'YYYY-MM-DD'), 0);
INSERT INTO Payment (total_accommodation, total_expenses, payment_date, is_paid) VALUES (4000, 800, TO_DATE('2024-06-20', 'YYYY-MM-DD'), 1);
INSERT INTO Payment (total_accommodation, total_expenses, payment_date, is_paid) VALUES (2500, 400, TO_DATE('2024-06-25', 'YYYY-MM-DD'), 0);
INSERT INTO Payment (total_accommodation, total_expenses, payment_date, is_paid) VALUES (1800, 250, TO_DATE('2024-07-01', 'YYYY-MM-DD'), 1);
INSERT INTO Payment (total_accommodation, total_expenses, payment_date, is_paid) VALUES (3500, 600, TO_DATE('2024-07-05', 'YYYY-MM-DD'), 1);
INSERT INTO Payment (total_accommodation, total_expenses, payment_date, is_paid) VALUES (2200, 350, TO_DATE('2024-07-10', 'YYYY-MM-DD'), 0);
INSERT INTO Payment (total_accommodation, total_expenses, payment_date, is_paid) VALUES (4100, 900, TO_DATE('2024-07-15', 'YYYY-MM-DD'), 1);
INSERT INTO Payment (total_accommodation, total_expenses, payment_date, is_paid) VALUES (2600, 450, TO_DATE('2024-07-20', 'YYYY-MM-DD'), 0);
INSERT INTO Payment (total_accommodation, total_expenses, payment_date, is_paid) VALUES (1900, 270, TO_DATE('2024-07-25', 'YYYY-MM-DD'), 1);
INSERT INTO Payment (total_accommodation, total_expenses, payment_date, is_paid) VALUES (3600, 650, TO_DATE('2024-07-30', 'YYYY-MM-DD'), 1);
INSERT INTO Payment (total_accommodation, total_expenses, payment_date, is_paid) VALUES (2300, 370, TO_DATE('2024-08-04', 'YYYY-MM-DD'), 0);
INSERT INTO Payment (total_accommodation, total_expenses, payment_date, is_paid) VALUES (4200, 950, TO_DATE('2024-08-09', 'YYYY-MM-DD'), 1);
INSERT INTO Payment (total_accommodation, total_expenses, payment_date, is_paid) VALUES (2700, 470, TO_DATE('2024-08-14', 'YYYY-MM-DD'), 0);
INSERT INTO Payment (total_accommodation, total_expenses, payment_date, is_paid) VALUES (1950, 280, TO_DATE('2024-08-19', 'YYYY-MM-DD'), 1);
INSERT INTO Payment (total_accommodation, total_expenses, payment_date, is_paid) VALUES (3650, 660, TO_DATE('2024-08-24', 'YYYY-MM-DD'), 1);
INSERT INTO Payment (total_accommodation, total_expenses, payment_date, is_paid) VALUES (2350, 380, TO_DATE('2024-08-29', 'YYYY-MM-DD'), 0);
INSERT INTO Payment (total_accommodation, total_expenses, payment_date, is_paid) VALUES (4300, 980, TO_DATE('2024-09-03', 'YYYY-MM-DD'), 1);
INSERT INTO Payment (total_accommodation, total_expenses, payment_date, is_paid) VALUES (2800, 490, TO_DATE('2024-09-08', 'YYYY-MM-DD'), 0);


-- Service
INSERT INTO Service (name, description) VALUES ('Snídaně', 'Snídaně formou bufetu');
INSERT INTO Service (name, description) VALUES ('Wellness', 'Vstup do wellness centra');
INSERT INTO Service (name, description) VALUES ('Parkování', 'Parkování u hotelu');
INSERT INTO Service (name, description) VALUES ('Wi-Fi', 'Bezdrátové připojení k internetu');
INSERT INTO Service (name, description) VALUES ('Bazén', 'Vstup do bazénu');
INSERT INTO Service (name, description) VALUES ('Fitness', 'Vstup do fitness centra');
INSERT INTO Service (name, description) VALUES ('Masáže', 'Relaxační masáže');
INSERT INTO Service (name, description) VALUES ('Bar', 'Hotelový bar');
INSERT INTO Service (name, description) VALUES ('Praní prádla', 'Praní a žehlení prádla');
INSERT INTO Service (name, description) VALUES ('Půjčení kola', 'Půjčení jízdního kola');
INSERT INTO Service (name, description) VALUES ('Půjčení auta', 'Půjčení automobilu');
INSERT INTO Service (name, description) VALUES ('Dětský koutek', 'Herní koutek pro děti');
INSERT INTO Service (name, description) VALUES ('Konferenční místnost', 'Pronájem konferenční místnosti');
INSERT INTO Service (name, description) VALUES ('Room service', 'Pokojová služba');
INSERT INTO Service (name, description) VALUES ('Transfer', 'Transfer na letiště');
INSERT INTO Service (name, description) VALUES ('Zvířata', 'Pobyt se zvířetem');
INSERT INTO Service (name, description) VALUES ('Minibar', 'Minibar na pokoji');
INSERT INTO Service (name, description) VALUES ('Sauna', 'Vstup do sauny');
INSERT INTO Service (name, description) VALUES ('Solárium', 'Vstup do solária');
INSERT INTO Service (name, description) VALUES ('Tenis', 'Tenisový kurt');

-- RoomTypePriceHistory
INSERT INTO RoomTypePriceHistory (room_type_id, price_per_night, valid_from, valid_to) VALUES (1, 500, TO_DATE('2024-01-01' AS DATE), NULL);
INSERT INTO RoomTypePriceHistory (room_type_id, price_per_night, valid_from, valid_to) VALUES (2, 800, TO_DATE('2024-01-01' AS DATE), NULL);
INSERT INTO RoomTypePriceHistory (room_type_id, price_per_night, valid_from, valid_to) VALUES (3, 1200, TO_DATE('2024-01-01' AS DATE), NULL);
INSERT INTO RoomTypePriceHistory (room_type_id, price_per_night, valid_from, valid_to) VALUES (4, 2000, TO_DATE('2024-01-01' AS DATE), NULL);
INSERT INTO RoomTypePriceHistory (room_type_id, price_per_night, valid_from, valid_to) VALUES (5, 600, TO_DATE('2024-01-01' AS DATE), NULL);
INSERT INTO RoomTypePriceHistory (room_type_id, price_per_night, valid_from, valid_to) VALUES (6, 900, TO_DATE('2024-01-01' AS DATE), NULL);
INSERT INTO RoomTypePriceHistory (room_type_id, price_per_night, valid_from, valid_to) VALUES (7, 1300, TO_DATE('2024-01-01' AS DATE), NULL);
INSERT INTO RoomTypePriceHistory (room_type_id, price_per_night, valid_from, valid_to) VALUES (8, 2100, TO_DATE('2024-01-01' AS DATE), NULL);
INSERT INTO RoomTypePriceHistory (room_type_id, price_per_night, valid_from, valid_to) VALUES (9, 550, TO_DATE('2024-01-01' AS DATE), NULL);
INSERT INTO RoomTypePriceHistory (room_type_id, price_per_night, valid_from, valid_to) VALUES (10, 850, TO_DATE('2024-01-01' AS DATE), NULL);
INSERT INTO RoomTypePriceHistory (room_type_id, price_per_night, valid_from, valid_to) VALUES (11, 1250, TO_DATE('2024-01-01' AS DATE), NULL);
INSERT INTO RoomTypePriceHistory (room_type_id, price_per_night, valid_from, valid_to) VALUES (12, 2050, TO_DATE('2024-01-01' AS DATE), NULL);
INSERT INTO RoomTypePriceHistory (room_type_id, price_per_night, valid_from, valid_to) VALUES (13, 520, TO_DATE('2024-01-01' AS DATE), NULL);
INSERT INTO RoomTypePriceHistory (room_type_id, price_per_night, valid_from, valid_to) VALUES (14, 820, TO_DATE('2024-01-01' AS DATE), NULL);
INSERT INTO RoomTypePriceHistory (room_type_id, price_per_night, valid_from, valid_to) VALUES (15, 1220, TO_DATE('2024-01-01' AS DATE), NULL);
INSERT INTO RoomTypePriceHistory (room_type_id, price_per_night, valid_from, valid_to) VALUES (16, 2020, TO_DATE('2024-01-01' AS DATE), NULL);
INSERT INTO RoomTypePriceHistory (room_type_id, price_per_night, valid_from, valid_to) VALUES (17, 650, TO_DATE('2024-01-01' AS DATE), NULL);
INSERT INTO RoomTypePriceHistory (room_type_id, price_per_night, valid_from, valid_to) VALUES (18, 950, TO_DATE('2024-01-01' AS DATE), NULL);
INSERT INTO RoomTypePriceHistory (room_type_id, price_per_night, valid_from, valid_to) VALUES (19, 1350, TO_DATE('2024-01-01' AS DATE), NULL);
INSERT INTO RoomTypePriceHistory (room_type_id, price_per_night, valid_from, valid_to) VALUES (20, 2150, TO_DATE('2024-01-01' AS DATE), NULL);

-- ServicePriceHistory
INSERT INTO ServicePriceHistory (service_id, price, valid_from, valid_to) VALUES (1, 100, TO_DATE('2024-01-01' AS DATE), NULL);
INSERT INTO ServicePriceHistory (service_id, price, valid_from, valid_to) VALUES (2, 200, TO_DATE('2024-01-01' AS DATE), NULL);
INSERT INTO ServicePriceHistory (service_id, price, valid_from, valid_to) VALUES (3, 150, TO_DATE('2024-01-01' AS DATE), NULL);
INSERT INTO ServicePriceHistory (service_id, price, valid_from, valid_to) VALUES (4, 50, TO_DATE('2024-01-01' AS DATE), NULL);
INSERT INTO ServicePriceHistory (service_id, price, valid_from, valid_to) VALUES (5, 120, TO_DATE('2024-01-01' AS DATE), NULL);
INSERT INTO ServicePriceHistory (service_id, price, valid_from, valid_to) VALUES (6, 180, TO_DATE('2024-01-01' AS DATE), NULL);
INSERT INTO ServicePriceHistory (service_id, price, valid_from, valid_to) VALUES (7, 250, TO_DATE('2024-01-01' AS DATE), NULL);
INSERT INTO ServicePriceHistory (service_id, price, valid_from, valid_to) VALUES (8, 90, TO_DATE('2024-01-01' AS DATE), NULL);
INSERT INTO ServicePriceHistory (service_id, price, valid_from, valid_to) VALUES (9, 110, TO_DATE('2024-01-01' AS DATE), NULL);
INSERT INTO ServicePriceHistory (service_id, price, valid_from, valid_to) VALUES (10, 130, TO_DATE('2024-01-01' AS DATE), NULL);
INSERT INTO ServicePriceHistory (service_id, price, valid_from, valid_to) VALUES (11, 170, TO_DATE('2024-01-01' AS DATE), NULL);
INSERT INTO ServicePriceHistory (service_id, price, valid_from, valid_to) VALUES (12, 140, TO_DATE('2024-01-01' AS DATE), NULL);
INSERT INTO ServicePriceHistory (service_id, price, valid_from, valid_to) VALUES (13, 160, TO_DATE('2024-01-01' AS DATE), NULL);
INSERT INTO ServicePriceHistory (service_id, price, valid_from, valid_to) VALUES (14, 210, TO_DATE('2024-01-01' AS DATE), NULL);
INSERT INTO ServicePriceHistory (service_id, price, valid_from, valid_to) VALUES (15, 80, TO_DATE('2024-01-01' AS DATE), NULL);
INSERT INTO ServicePriceHistory (service_id, price, valid_from, valid_to) VALUES (16, 60, TO_DATE('2024-01-01' AS DATE), NULL);
INSERT INTO ServicePriceHistory (service_id, price, valid_from, valid_to) VALUES (17, 190, TO_DATE('2024-01-01' AS DATE), NULL);
INSERT INTO ServicePriceHistory (service_id, price, valid_from, valid_to) VALUES (18, 220, TO_DATE('2024-01-01' AS DATE), NULL);
INSERT INTO ServicePriceHistory (service_id, price, valid_from, valid_to) VALUES (19, 230, TO_DATE('2024-01-01' AS DATE), NULL);
INSERT INTO ServicePriceHistory (service_id, price, valid_from, valid_to) VALUES (20, 240, TO_DATE('2024-01-01' AS DATE), NULL);

-- Feedback
INSERT INTO Feedback (guest_id, reservation_id, rating, note, feedback_date) VALUES (1, 1, 5, 'Vše v pořádku', SYSDATE);
INSERT INTO Feedback (guest_id, reservation_id, rating, note, feedback_date) VALUES (2, 2, 4, 'Pěkný pobyt', SYSDATE);
INSERT INTO Feedback (guest_id, reservation_id, rating, note, feedback_date) VALUES (3, 3, 3, 'Průměrné služby', SYSDATE);
INSERT INTO Feedback (guest_id, reservation_id, rating, note, feedback_date) VALUES (4, 4, 5, 'Výborné jídlo', SYSDATE);
INSERT INTO Feedback (guest_id, reservation_id, rating, note, feedback_date) VALUES (5, 5, 2, 'Pokoj nebyl čistý', SYSDATE);
INSERT INTO Feedback (guest_id, reservation_id, rating, note, feedback_date) VALUES (6, 6, 4, 'Příjemný personál', SYSDATE);
INSERT INTO Feedback (guest_id, reservation_id, rating, note, feedback_date) VALUES (7, 7, 5, 'Skvělá lokalita', SYSDATE);
INSERT INTO Feedback (guest_id, reservation_id, rating, note, feedback_date) VALUES (8, 8, 3, 'Moc hlučno', SYSDATE);
INSERT INTO Feedback (guest_id, reservation_id, rating, note, feedback_date) VALUES (9, 9, 4, 'Dobré snídaně', SYSDATE);
INSERT INTO Feedback (guest_id, reservation_id, rating, note, feedback_date) VALUES (10, 10, 5, 'Doporučuji', SYSDATE);
INSERT INTO Feedback (guest_id, reservation_id, rating, note, feedback_date) VALUES (11, 11, 4, 'Hezký pokoj', SYSDATE);
INSERT INTO Feedback (guest_id, reservation_id, rating, note, feedback_date) VALUES (12, 12, 5, 'Super wellness', SYSDATE);
INSERT INTO Feedback (guest_id, reservation_id, rating, note, feedback_date) VALUES (13, 13, 3, 'Malý pokoj', SYSDATE);
INSERT INTO Feedback (guest_id, reservation_id, rating, note, feedback_date) VALUES (14, 14, 4, 'Dobrá cena', SYSDATE);
INSERT INTO Feedback (guest_id, reservation_id, rating, note, feedback_date) VALUES (15, 15, 5, 'Vše v pořádku', SYSDATE);
INSERT INTO Feedback (guest_id, reservation_id, rating, note, feedback_date) VALUES (16, 16, 4, 'Pěkný výhled', SYSDATE);
INSERT INTO Feedback (guest_id, reservation_id, rating, note, feedback_date) VALUES (17, 17, 5, 'Výborné služby', SYSDATE);
INSERT INTO Feedback (guest_id, reservation_id, rating, note, feedback_date) VALUES (18, 18, 3, 'Průměrné jídlo', SYSDATE);
INSERT INTO Feedback (guest_id, reservation_id, rating, note, feedback_date) VALUES (19, 19, 4, 'Příjemné prostředí', SYSDATE);
INSERT INTO Feedback (guest_id, reservation_id, rating, note, feedback_date) VALUES (20, 20, 5, 'Doporučuji', SYSDATE);
note ServiceUsage
INSERT INTO ServiceUsage (reservation_id, service_id, quantity, total_price) VALUES (1, 1, 2, 300);
INSERT INTO ServiceUsage (reservation_id, service_id, quantity, total_price) VALUES (2, 2, 1, 500);
INSERT INTO ServiceUsage (reservation_id, service_id, quantity, total_price) VALUES (3, 3, 1, 200);
INSERT INTO ServiceUsage (reservation_id, service_id, quantity, total_price) VALUES (4, 4, 1, 100);
INSERT INTO ServiceUsage (reservation_id, service_id, quantity, total_price) VALUES (5, 5, 2, 400);
INSERT INTO ServiceUsage (reservation_id, service_id, quantity, total_price) VALUES (6, 6, 1, 250);
INSERT INTO ServiceUsage (reservation_id, service_id, quantity, total_price) VALUES (7, 7, 1, 350);
INSERT INTO ServiceUsage (reservation_id, service_id, quantity, total_price) VALUES (8, 8, 2, 300);
INSERT INTO ServiceUsage (reservation_id, service_id, quantity, total_price) VALUES (9, 9, 1, 150);
INSERT INTO ServiceUsage (reservation_id, service_id, quantity, total_price) VALUES (10, 10, 1, 200);
INSERT INTO ServiceUsage (reservation_id, service_id, quantity, total_price) VALUES (11, 11, 1, 500);
INSERT INTO ServiceUsage (reservation_id, service_id, quantity, total_price) VALUES (12, 12, 2, 400);
INSERT INTO ServiceUsage (reservation_id, service_id, quantity, total_price) VALUES (13, 13, 1, 600);
INSERT INTO ServiceUsage (reservation_id, service_id, quantity, total_price) VALUES (14, 14, 1, 250);
INSERT INTO ServiceUsage (reservation_id, service_id, quantity, total_price) VALUES (15, 15, 1, 300);
INSERT INTO ServiceUsage (reservation_id, service_id, quantity, total_price) VALUES (16, 16, 2, 400);
INSERT INTO ServiceUsage (reservation_id, service_id, quantity, total_price) VALUES (17, 17, 1, 350);
INSERT INTO ServiceUsage (reservation_id, service_id, quantity, total_price) VALUES (18, 18, 1, 200);
INSERT INTO ServiceUsage (reservation_id, service_id, quantity, total_price) VALUES (19, 19, 1, 150);
INSERT INTO ServiceUsage (reservation_id, service_id, quantity, total_price) VALUES (20, 20, 1, 200);

-- Reservation
INSERT INTO Reservation (guest_id, room_id, employee_id, creation_date, check_in_date, check_out_date, payment_id, status, accommodation_price) VALUES (1, 1, 1, SYSDATE, CAST('2024-06-01' AS DATE), CAST('2024-06-05' AS DATE), 1, 'Confirmed', 2000);
INSERT INTO Reservation (guest_id, room_id, employee_id, creation_date, check_in_date, check_out_date, payment_id, status, accommodation_price) VALUES (2, 2, 2, SYSDATE, CAST('2024-06-02' AS DATE), CAST('2024-06-06' AS DATE), 2, 'Confirmed', 3200);
INSERT INTO Reservation (guest_id, room_id, employee_id, creation_date, check_in_date, check_out_date, payment_id, status, accommodation_price) VALUES (3, 3, 3, SYSDATE, CAST('2024-06-03' AS DATE), CAST('2024-06-07' AS DATE), 3, 'Pending', 1500);
INSERT INTO Reservation (guest_id, room_id, employee_id, creation_date, check_in_date, check_out_date, payment_id, status, accommodation_price) VALUES (4, 4, 4, SYSDATE, CAST('2024-06-04' AS DATE), CAST('2024-06-08' AS DATE), 4, 'Confirmed', 4000);
INSERT INTO Reservation (guest_id, room_id, employee_id, creation_date, check_in_date, check_out_date, payment_id, status, accommodation_price) VALUES (5, 5, 5, SYSDATE, CAST('2024-06-05' AS DATE), CAST('2024-06-09' AS DATE), 5, 'Cancelled', 2500);
INSERT INTO Reservation (guest_id, room_id, employee_id, creation_date, check_in_date, check_out_date, payment_id, status, accommodation_price) VALUES (6, 6, 6, SYSDATE, CAST('2024-06-06' AS DATE), CAST('2024-06-10' AS DATE), 6, 'Confirmed', 1800);
INSERT INTO Reservation (guest_id, room_id, employee_id, creation_date, check_in_date, check_out_date, payment_id, status, accommodation_price) VALUES (7, 7, 7, SYSDATE, CAST('2024-06-07' AS DATE), CAST('2024-06-11' AS DATE), 7, 'Confirmed', 3500);
INSERT INTO Reservation (guest_id, room_id, employee_id, creation_date, check_in_date, check_out_date, payment_id, status, accommodation_price) VALUES (8, 8, 8, SYSDATE, CAST('2024-06-08' AS DATE), CAST('2024-06-12' AS DATE), 8, 'Pending', 2200);
INSERT INTO Reservation (guest_id, room_id, employee_id, creation_date, check_in_date, check_out_date, payment_id, status, accommodation_price) VALUES (9, 9, 9, SYSDATE, CAST('2024-06-09' AS DATE), CAST('2024-06-13' AS DATE), 9, 'Confirmed', 4100);
INSERT INTO Reservation (guest_id, room_id, employee_id, creation_date, check_in_date, check_out_date, payment_id, status, accommodation_price) VALUES (10, 10, 10, SYSDATE, CAST('2024-06-10' AS DATE), CAST('2024-06-14' AS DATE), 10, 'Confirmed', 2600);
INSERT INTO Reservation (guest_id, room_id, employee_id, creation_date, check_in_date, check_out_date, payment_id, status, accommodation_price) VALUES (11, 11, 11, SYSDATE, CAST('2024-06-11' AS DATE), CAST('2024-06-15' AS DATE), 11, 'Pending', 1900);
INSERT INTO Reservation (guest_id, room_id, employee_id, creation_date, check_in_date, check_out_date, payment_id, status, accommodation_price) VALUES (12, 12, 12, SYSDATE, CAST('2024-06-12' AS DATE), CAST('2024-06-16' AS DATE), 12, 'Confirmed', 3600);
INSERT INTO Reservation (guest_id, room_id, employee_id, creation_date, check_in_date, check_out_date, payment_id, status, accommodation_price) VALUES (13, 13, 13, SYSDATE, CAST('2024-06-13' AS DATE), CAST('2024-06-17' AS DATE), 13, 'Confirmed', 2300);
INSERT INTO Reservation (guest_id, room_id, employee_id, creation_date, check_in_date, check_out_date, payment_id, status, accommodation_price) VALUES (14, 14, 14, SYSDATE, CAST('2024-06-14' AS DATE), CAST('2024-06-18' AS DATE), 14, 'Pending', 4200);
INSERT INTO Reservation (guest_id, room_id, employee_id, creation_date, check_in_date, check_out_date, payment_id, status, accommodation_price) VALUES (15, 15, 15, SYSDATE, CAST('2024-06-15' AS DATE), CAST('2024-06-19' AS DATE), 15, 'Confirmed', 2700);
INSERT INTO Reservation (guest_id, room_id, employee_id, creation_date, check_in_date, check_out_date, payment_id, status, accommodation_price) VALUES (16, 16, 16, SYSDATE, CAST('2024-06-16' AS DATE), CAST('2024-06-20' AS DATE), 16, 'Confirmed', 1950);
INSERT INTO Reservation (guest_id, room_id, employee_id, creation_date, check_in_date, check_out_date, payment_id, status, accommodation_price) VALUES (17, 17, 17, SYSDATE, CAST('2024-06-17' AS DATE), CAST('2024-06-21' AS DATE), 17, 'Pending', 3650);
INSERT INTO Reservation (guest_id, room_id, employee_id, creation_date, check_in_date, check_out_date, payment_id, status, accommodation_price) VALUES (18, 18, 18, SYSDATE, CAST('2024-06-18' AS DATE), CAST('2024-06-22' AS DATE), 18, 'Confirmed', 2350);
INSERT INTO Reservation (guest_id, room_id, employee_id, creation_date, check_in_date, check_out_date, payment_id, status, accommodation_price) VALUES (19, 19, 19, SYSDATE, CAST('2024-06-19' AS DATE), CAST('2024-06-23' AS DATE), 19, 'Confirmed', 4300);
INSERT INTO Reservation (guest_id, room_id, employee_id, creation_date, check_in_date, check_out_date, payment_id, status, accommodation_price) VALUES (20, 20, 20, SYSDATE, CAST('2024-06-20' AS DATE), CAST('2024-06-24' AS DATE), 20, 'Cancelled', 2800);