[
    {
        "ID": 1,
        "Type": "Printer",
        "Manufacturer": "HP",
        "Price": 3498,
        "Serial Number": 4599994636,
        "Status": "Used",
        "Location": "Olomouc",
        "Size": "Small",
        "Purchase Date": "2023-05-21",
        "Image Path": "images\\Printer.jpg"
    },
    {
        "ID": 2,
        "Type": "Scanner",
        "Manufacturer": "Adwantech",
        "Price": 23875,
        "Serial Number": 8380329573,
        "Status": "Damaged",
        "Location": "Ostrava",
        "Size": "Medium",
        "Purchase Date": "2022-12-30",
        "Image Path": "images\\Scanner.jpg"
    },
    {
        "ID": 3,
        "Type": "PC",
        "Manufacturer": "Adwantech",
        "Price": 35727,
        "Serial Number": 7419070513,
        "Status": "Used",
        "Location": "Ostrava",
        "Size": "Medium",
        "Purchase Date": "2024-11-18",
        "Image Path": "images\\PC.jpg"
    },
    {
        "ID": 4,
        "Type": "PC",
        "Manufacturer": "Dell",
        "Price": 4201,
        "Serial Number": 5396815124,
        "Status": "Used",
        "Location": "Plzen",
        "Size": "Extra Large",
        "Purchase Date": "2023-08-06",
        "Image Path": "images\\PC.jpg"
    },
    {
        "ID": 5,
        "Type": "Monitor",
        "Manufacturer": "Dell",
        "Price": 25819,
        "Serial Number": 7854413259,
        "Status": "New",
        "Location": "Ostrava",
        "Size": "Large",
        "Purchase Date": "2020-09-19",
        "Image Path": "images\\Monitor.jpg"
    },
    {
        "ID": 6,
        "Type": "PC",
        "Manufacturer": "HP",
        "Price": 35635,
        "Serial Number": 1024275398,
        "Status": "Damaged",
        "Location": "Plzen",
        "Size": "Extra Large",
        "Purchase Date": "2025-02-05",
        "Image Path": "images\\PC.jpg"
    },
    {
        "ID": 7,
        "Type": "Monitor",
        "Manufacturer": "Lenovo",
        "Price": 10056,
        "Serial Number": 3969296516,
        "Status": "Damaged",
        "Location": "Plzen",
        "Size": "Extra Large",
        "Purchase Date": "2024-08-15",
        "Image Path": "images\\Monitor.jpg"
    },
    {
        "ID": 8,
        "Type": "Monitor",
        "Manufacturer": "Lenovo",
        "Price": 17211,
        "Serial Number": 2693939612,
        "Status": "Used",
        "Location": "Plzen",
        "Size": "Large",
        "Purchase Date": "2022-02-12",
        "Image Path": "images\\Monitor.jpg"
    },
    {
        "ID": 9,
        "Type": "Monitor",
        "Manufacturer": "Asus",
        "Price": 28741,
        "Serial Number": 1570244496,
        "Status": "Used",
        "Location": "Prague",
        "Size": "Extra Large",
        "Purchase Date": "2021-04-10",
        "Image Path": "images\\Monitor.jpg"
    },
    {
        "ID": 10,
        "Type": "Scanner",
        "Manufacturer": "Adwantech",
        "Price": 47888,
        "Serial Number": 3285654569,
        "Status": "Refurbished",
        "Location": "Plzen",
        "Size": "Small",
        "Purchase Date": "2021-12-22",
        "Image Path": "images\\Scanner.jpg"
    },
    {
        "ID": 11,
        "Type": "Monitor",
        "Manufacturer": "Asus",
        "Price": 37781,
        "Serial Number": 9549680940,
        "Status": "Refurbished",
        "Location": "Plzen",
        "Size": "Small",
        "Purchase Date": "2023-07-07",
        "Image Path": "images\\Monitor.jpg"
    },
    {
        "ID": 12,
        "Type": "PC",
        "Manufacturer": "Lenovo",
        "Price": 43590,
        "Serial Number": 7104225078,
        "Status": "New",
        "Location": "Olomouc",
        "Size": "Small",
        "Purchase Date": "2020-06-11",
        "Image Path": "images\\PC.jpg"
    },
    {
        "ID": 13,
        "Type": "Printer",
        "Manufacturer": "Lenovo",
        "Price": 9894,
        "Serial Number": 6736845648,
        "Status": "Used",
        "Location": "Prague",
        "Size": "Extra Large",
        "Purchase Date": "2021-05-16",
        "Image Path": "images\\Printer.jpg"
    },
    {
        "ID": 14,
        "Type": "Scanner",
        "Manufacturer": "Lenovo",
        "Price": 31689,
        "Serial Number": 3747688107,
        "Status": "Damaged",
        "Location": "Brno",
        "Size": "Large",
        "Purchase Date": "2023-04-25",
        "Image Path": "images\\Scanner.jpg"
    },
    {
        "ID": 15,
        "Type": "Scanner",
        "Manufacturer": "Dell",
        "Price": 28775,
        "Serial Number": 1118786547,
        "Status": "New",
        "Location": "Ostrava",
        "Size": "Large",
        "Purchase Date": "2023-12-23",
        "Image Path": "images\\Scanner.jpg"
    },
    {
        "ID": 16,
        "Type": "Monitor",
        "Manufacturer": "Adwantech",
        "Price": 32010,
        "Serial Number": 7129522615,
        "Status": "Refurbished",
        "Location": "Ostrava",
        "Size": "Extra Large",
        "Purchase Date": "2022-01-12",
        "Image Path": "images\\Monitor.jpg"
    },
    {
        "ID": 17,
        "Type": "PC",
        "Manufacturer": "Lenovo",
        "Price": 18461,
        "Serial Number": 7782325767,
        "Status": "Used",
        "Location": "Olomouc",
        "Size": "Extra Large",
        "Purchase Date": "2021-08-06",
        "Image Path": "images\\PC.jpg"
    },
    {
        "ID": 18,
        "Type": "Monitor",
        "Manufacturer": "Asus",
        "Price": 21756,
        "Serial Number": 2749038016,
        "Status": "Refurbished",
        "Location": "Brno",
        "Size": "Extra Large",
        "Purchase Date": "2023-06-20",
        "Image Path": "images\\Monitor.jpg"
    },
    {
        "ID": 19,
        "Type": "Monitor",
        "Manufacturer": "Dell",
        "Price": 16118,
        "Serial Number": 6374291258,
        "Status": "Refurbished",
        "Location": "Olomouc",
        "Size": "Extra Large",
        "Purchase Date": "2020-07-21",
        "Image Path": "images\\Monitor.jpg"
    },
    {
        "ID": 20,
        "Type": "Printer",
        "Manufacturer": "Adwantech",
        "Price": 41650,
        "Serial Number": 2376731554,
        "Status": "Refurbished",
        "Location": "Ostrava",
        "Size": "Small",
        "Purchase Date": "2024-08-13",
        "Image Path": "images\\Printer.jpg"
    },
    {
        "ID": 21,
        "Type": "PC",
        "Manufacturer": "HP",
        "Price": 45962,
        "Serial Number": 7426711257,
        "Status": "New",
        "Location": "Brno",
        "Size": "Medium",
        "Purchase Date": "2022-10-31",
        "Image Path": "images\\PC.jpg"
    },
    {
        "ID": 22,
        "Type": "Printer",
        "Manufacturer": "Adwantech",
        "Price": 23049,
        "Serial Number": 9110482301,
        "Status": "Damaged",
        "Location": "Ostrava",
        "Size": "Small",
        "Purchase Date": "2020-10-14",
        "Image Path": "images\\Printer.jpg"
    },
    {
        "ID": 23,
        "Type": "Scanner",
        "Manufacturer": "HP",
        "Price": 17712,
        "Serial Number": 6137766069,
        "Status": "New",
        "Location": "Olomouc",
        "Size": "Small",
        "Purchase Date": "2020-05-11",
        "Image Path": "images\\Scanner.jpg"
    },
    {
        "ID": 24,
        "Type": "PC",
        "Manufacturer": "Adwantech",
        "Price": 39447,
        "Serial Number": 7801786553,
        "Status": "Used",
        "Location": "Brno",
        "Size": "Small",
        "Purchase Date": "2021-05-12",
        "Image Path": "images\\PC.jpg"
    },
    {
        "ID": 25,
        "Type": "Monitor",
        "Manufacturer": "Lenovo",
        "Price": 27899,
        "Serial Number": 7045972135,
        "Status": "Damaged",
        "Location": "Prague",
        "Size": "Extra Large",
        "Purchase Date": "2024-08-11",
        "Image Path": "images\\Monitor.jpg"
    },
    {
        "ID": 26,
        "Type": "PC",
        "Manufacturer": "HP",
        "Price": 3579,
        "Serial Number": 6032083720,
        "Status": "New",
        "Location": "Ostrava",
        "Size": "Medium",
        "Purchase Date": "2020-09-26",
        "Image Path": "images\\PC.jpg"
    },
    {
        "ID": 27,
        "Type": "Scanner",
        "Manufacturer": "Lenovo",
        "Price": 49632,
        "Serial Number": 7645372230,
        "Status": "Refurbished",
        "Location": "Plzen",
        "Size": "Extra Large",
        "Purchase Date": "2025-03-05",
        "Image Path": "images\\Scanner.jpg"
    },
    {
        "ID": 28,
        "Type": "Printer",
        "Manufacturer": "Adwantech",
        "Price": 7842,
        "Serial Number": 6196679919,
        "Status": "Used",
        "Location": "Olomouc",
        "Size": "Large",
        "Purchase Date": "2023-10-06",
        "Image Path": "images\\Printer.jpg"
    },
    {
        "ID": 29,
        "Type": "PC",
        "Manufacturer": "Adwantech",
        "Price": 2003,
        "Serial Number": 6439508169,
        "Status": "Damaged",
        "Location": "Prague",
        "Size": "Extra Large",
        "Purchase Date": "2024-02-24",
        "Image Path": "images\\PC.jpg"
    },
    {
        "ID": 30,
        "Type": "Monitor",
        "Manufacturer": "Asus",
        "Price": 22353,
        "Serial Number": 4334579419,
        "Status": "New",
        "Location": "Olomouc",
        "Size": "Medium",
        "Purchase Date": "2024-11-27",
        "Image Path": "images\\Monitor.jpg"
    },
    {
        "ID": 31,
        "Type": "PC",
        "Manufacturer": "Dell",
        "Price": 47794,
        "Serial Number": 3713837356,
        "Status": "Used",
        "Location": "Brno",
        "Size": "Extra Large",
        "Purchase Date": "2024-05-08",
        "Image Path": "images\\PC.jpg"
    },
    {
        "ID": 32,
        "Type": "PC",
        "Manufacturer": "Adwantech",
        "Price": 14788,
        "Serial Number": 4228064681,
        "Status": "Damaged",
        "Location": "Plzen",
        "Size": "Medium",
        "Purchase Date": "2022-11-29",
        "Image Path": "images\\PC.jpg"
    },
    {
        "ID": 33,
        "Type": "PC",
        "Manufacturer": "Dell",
        "Price": 27250,
        "Serial Number": 3115057986,
        "Status": "Used",
        "Location": "Ostrava",
        "Size": "Large",
        "Purchase Date": "2025-01-28",
        "Image Path": "images\\PC.jpg"
    },
    {
        "ID": 34,
        "Type": "Scanner",
        "Manufacturer": "Asus",
        "Price": 18029,
        "Serial Number": 7651031868,
        "Status": "New",
        "Location": "Plzen",
        "Size": "Medium",
        "Purchase Date": "2021-11-12",
        "Image Path": "images\\Scanner.jpg"
    },
    {
        "ID": 35,
        "Type": "Printer",
        "Manufacturer": "Adwantech",
        "Price": 1722,
        "Serial Number": 1551104816,
        "Status": "New",
        "Location": "Brno",
        "Size": "Medium",
        "Purchase Date": "2022-01-13",
        "Image Path": "images\\Printer.jpg"
    },
    {
        "ID": 36,
        "Type": "Scanner",
        "Manufacturer": "Lenovo",
        "Price": 10291,
        "Serial Number": 6214909887,
        "Status": "New",
        "Location": "Prague",
        "Size": "Medium",
        "Purchase Date": "2022-11-22",
        "Image Path": "images\\Scanner.jpg"
    },
    {
        "ID": 37,
        "Type": "PC",
        "Manufacturer": "Lenovo",
        "Price": 45732,
        "Serial Number": 5589697413,
        "Status": "Used",
        "Location": "Prague",
        "Size": "Medium",
        "Purchase Date": "2023-03-22",
        "Image Path": "images\\PC.jpg"
    },
    {
        "ID": 38,
        "Type": "Scanner",
        "Manufacturer": "Lenovo",
        "Price": 43106,
        "Serial Number": 7065966921,
        "Status": "Used",
        "Location": "Ostrava",
        "Size": "Extra Large",
        "Purchase Date": "2021-03-13",
        "Image Path": "images\\Scanner.jpg"
    },
    {
        "ID": 39,
        "Type": "Scanner",
        "Manufacturer": "Asus",
        "Price": 40667,
        "Serial Number": 3474991772,
        "Status": "Refurbished",
        "Location": "Brno",
        "Size": "Extra Large",
        "Purchase Date": "2021-12-25",
        "Image Path": "images\\Scanner.jpg"
    },
    {
        "ID": 40,
        "Type": "Laptop",
        "Manufacturer": "Dell",
        "Price": 1665,
        "Serial Number": 4469073311,
        "Status": "Damaged",
        "Location": "Brno",
        "Size": "Large",
        "Purchase Date": "2025-02-23",
        "Image Path": "images\\Laptop.jpg"
    },
    {
        "ID": 41,
        "Type": "Laptop",
        "Manufacturer": "Asus",
        "Price": 11230,
        "Serial Number": 7905617209,
        "Status": "Used",
        "Location": "Plzen",
        "Size": "Medium",
        "Purchase Date": "2022-09-03",
        "Image Path": "images\\Laptop.jpg"
    },
    {
        "ID": 42,
        "Type": "Scanner",
        "Manufacturer": "Dell",
        "Price": 39721,
        "Serial Number": 9931141269,
        "Status": "Refurbished",
        "Location": "Brno",
        "Size": "Small",
        "Purchase Date": "2021-12-26",
        "Image Path": "images\\Scanner.jpg"
    },
    {
        "ID": 43,
        "Type": "Monitor",
        "Manufacturer": "Asus",
        "Price": 24540,
        "Serial Number": 7713658933,
        "Status": "Damaged",
        "Location": "Olomouc",
        "Size": "Small",
        "Purchase Date": "2023-11-05",
        "Image Path": "images\\Monitor.jpg"
    },
    {
        "ID": 44,
        "Type": "PC",
        "Manufacturer": "Dell",
        "Price": 4168,
        "Serial Number": 6193705858,
        "Status": "New",
        "Location": "Olomouc",
        "Size": "Small",
        "Purchase Date": "2024-06-13",
        "Image Path": "images\\PC.jpg"
    },
    {
        "ID": 45,
        "Type": "Scanner",
        "Manufacturer": "Asus",
        "Price": 11358,
        "Serial Number": 1119815326,
        "Status": "Refurbished",
        "Location": "Prague",
        "Size": "Small",
        "Purchase Date": "2022-11-08",
        "Image Path": "images\\Scanner.jpg"
    },
    {
        "ID": 46,
        "Type": "Monitor",
        "Manufacturer": "Lenovo",
        "Price": 4613,
        "Serial Number": 4830760476,
        "Status": "Used",
        "Location": "Olomouc",
        "Size": "Medium",
        "Purchase Date": "2022-05-28",
        "Image Path": "images\\Monitor.jpg"
    },
    {
        "ID": 47,
        "Type": "Laptop",
        "Manufacturer": "Dell",
        "Price": 15012,
        "Serial Number": 1029589789,
        "Status": "New",
        "Location": "Plzen",
        "Size": "Extra Large",
        "Purchase Date": "2022-01-17",
        "Image Path": "images\\Laptop.jpg"
    },
    {
        "ID": 48,
        "Type": "PC",
        "Manufacturer": "Asus",
        "Price": 2391,
        "Serial Number": 8113964944,
        "Status": "New",
        "Location": "Plzen",
        "Size": "Medium",
        "Purchase Date": "2024-03-08",
        "Image Path": "images\\PC.jpg"
    },
    {
        "ID": 49,
        "Type": "Laptop",
        "Manufacturer": "Asus",
        "Price": 27185,
        "Serial Number": 2101818205,
        "Status": "New",
        "Location": "Olomouc",
        "Size": "Medium",
        "Purchase Date": "2023-01-20",
        "Image Path": "images\\Laptop.jpg"
    },
    {
        "ID": 50,
        "Type": "PC",
        "Manufacturer": "HP",
        "Price": 9581,
        "Serial Number": 6565783777,
        "Status": "Used",
        "Location": "Olomouc",
        "Size": "Medium",
        "Purchase Date": "2021-02-25",
        "Image Path": "images\\PC.jpg"
    },
    {
        "ID": 51,
        "Type": "PC",
        "Manufacturer": "Asus",
        "Price": 18889,
        "Serial Number": 3342003868,
        "Status": "New",
        "Location": "Ostrava",
        "Size": "Medium",
        "Purchase Date": "2024-09-03",
        "Image Path": "images\\PC.jpg"
    },
    {
        "ID": 52,
        "Type": "Monitor",
        "Manufacturer": "Lenovo",
        "Price": 4372,
        "Serial Number": 5393484453,
        "Status": "New",
        "Location": "Plzen",
        "Size": "Medium",
        "Purchase Date": "2024-04-26",
        "Image Path": "images\\Monitor.jpg"
    },
    {
        "ID": 53,
        "Type": "Scanner",
        "Manufacturer": "Dell",
        "Price": 19570,
        "Serial Number": 3853937252,
        "Status": "Damaged",
        "Location": "Ostrava",
        "Size": "Large",
        "Purchase Date": "2021-10-20",
        "Image Path": "images\\Scanner.jpg"
    },
    {
        "ID": 54,
        "Type": "PC",
        "Manufacturer": "Adwantech",
        "Price": 3630,
        "Serial Number": 1159246556,
        "Status": "Refurbished",
        "Location": "Ostrava",
        "Size": "Small",
        "Purchase Date": "2024-10-02",
        "Image Path": "images\\PC.jpg"
    },
    {
        "ID": 55,
        "Type": "Printer",
        "Manufacturer": "Adwantech",
        "Price": 18224,
        "Serial Number": 3608708829,
        "Status": "Used",
        "Location": "Ostrava",
        "Size": "Small",
        "Purchase Date": "2021-01-19",
        "Image Path": "images\\Printer.jpg"
    },
    {
        "ID": 56,
        "Type": "PC",
        "Manufacturer": "HP",
        "Price": 35223,
        "Serial Number": 7642261070,
        "Status": "New",
        "Location": "Brno",
        "Size": "Medium",
        "Purchase Date": "2020-11-23",
        "Image Path": "images\\PC.jpg"
    },
    {
        "ID": 57,
        "Type": "Printer",
        "Manufacturer": "Asus",
        "Price": 20390,
        "Serial Number": 5362646337,
        "Status": "Damaged",
        "Location": "Prague",
        "Size": "Small",
        "Purchase Date": "2024-12-25",
        "Image Path": "images\\Printer.jpg"
    },
    {
        "ID": 58,
        "Type": "Scanner",
        "Manufacturer": "HP",
        "Price": 8383,
        "Serial Number": 6333943161,
        "Status": "Damaged",
        "Location": "Olomouc",
        "Size": "Medium",
        "Purchase Date": "2020-08-04",
        "Image Path": "images\\Scanner.jpg"
    },
    {
        "ID": 59,
        "Type": "Printer",
        "Manufacturer": "HP",
        "Price": 31976,
        "Serial Number": 6213514345,
        "Status": "Used",
        "Location": "Plzen",
        "Size": "Small",
        "Purchase Date": "2022-12-06",
        "Image Path": "images\\Printer.jpg"
    },
    {
        "ID": 60,
        "Type": "Printer",
        "Manufacturer": "Adwantech",
        "Price": 27789,
        "Serial Number": 9488733108,
        "Status": "Refurbished",
        "Location": "Prague",
        "Size": "Extra Large",
        "Purchase Date": "2024-05-10",
        "Image Path": "images\\Printer.jpg"
    },
    {
        "ID": 61,
        "Type": "PC",
        "Manufacturer": "Lenovo",
        "Price": 9727,
        "Serial Number": 1151253739,
        "Status": "Used",
        "Location": "Ostrava",
        "Size": "Small",
        "Purchase Date": "2020-09-10",
        "Image Path": "images\\PC.jpg"
    },
    {
        "ID": 62,
        "Type": "Laptop",
        "Manufacturer": "Adwantech",
        "Price": 42576,
        "Serial Number": 4381926403,
        "Status": "Damaged",
        "Location": "Prague",
        "Size": "Large",
        "Purchase Date": "2020-08-26",
        "Image Path": "images\\Laptop.jpg"
    },
    {
        "ID": 63,
        "Type": "Scanner",
        "Manufacturer": "HP",
        "Price": 35216,
        "Serial Number": 1829014201,
        "Status": "Damaged",
        "Location": "Olomouc",
        "Size": "Medium",
        "Purchase Date": "2025-01-23",
        "Image Path": "images\\Scanner.jpg"
    },
    {
        "ID": 64,
        "Type": "Printer",
        "Manufacturer": "HP",
        "Price": 48368,
        "Serial Number": 8481485346,
        "Status": "Used",
        "Location": "Olomouc",
        "Size": "Large",
        "Purchase Date": "2023-09-02",
        "Image Path": "images\\Printer.jpg"
    },
    {
        "ID": 65,
        "Type": "Printer",
        "Manufacturer": "HP",
        "Price": 33174,
        "Serial Number": 5247848144,
        "Status": "Refurbished",
        "Location": "Olomouc",
        "Size": "Small",
        "Purchase Date": "2021-02-01",
        "Image Path": "images\\Printer.jpg"
    },
    {
        "ID": 66,
        "Type": "PC",
        "Manufacturer": "Adwantech",
        "Price": 20790,
        "Serial Number": 6018083025,
        "Status": "Refurbished",
        "Location": "Olomouc",
        "Size": "Small",
        "Purchase Date": "2023-09-08",
        "Image Path": "images\\PC.jpg"
    },
    {
        "ID": 67,
        "Type": "Printer",
        "Manufacturer": "Lenovo",
        "Price": 49815,
        "Serial Number": 9209092187,
        "Status": "Refurbished",
        "Location": "Plzen",
        "Size": "Extra Large",
        "Purchase Date": "2022-11-09",
        "Image Path": "images\\Printer.jpg"
    },
    {
        "ID": 68,
        "Type": "Laptop",
        "Manufacturer": "Dell",
        "Price": 33599,
        "Serial Number": 2932947274,
        "Status": "New",
        "Location": "Brno",
        "Size": "Medium",
        "Purchase Date": "2020-07-15",
        "Image Path": "images\\Laptop.jpg"
    },
    {
        "ID": 69,
        "Type": "PC",
        "Manufacturer": "Asus",
        "Price": 26395,
        "Serial Number": 9994685272,
        "Status": "New",
        "Location": "Prague",
        "Size": "Extra Large",
        "Purchase Date": "2020-11-27",
        "Image Path": "images\\PC.jpg"
    },
    {
        "ID": 70,
        "Type": "Laptop",
        "Manufacturer": "Lenovo",
        "Price": 38911,
        "Serial Number": 9437098465,
        "Status": "New",
        "Location": "Ostrava",
        "Size": "Medium",
        "Purchase Date": "2022-11-06",
        "Image Path": "images\\Laptop.jpg"
    },
    {
        "ID": 71,
        "Type": "Monitor",
        "Manufacturer": "Asus",
        "Price": 30051,
        "Serial Number": 8249751919,
        "Status": "Refurbished",
        "Location": "Brno",
        "Size": "Small",
        "Purchase Date": "2024-06-06",
        "Image Path": "images\\Monitor.jpg"
    },
    {
        "ID": 72,
        "Type": "Scanner",
        "Manufacturer": "Lenovo",
        "Price": 47767,
        "Serial Number": 2069689235,
        "Status": "New",
        "Location": "Ostrava",
        "Size": "Small",
        "Purchase Date": "2024-09-06",
        "Image Path": "images\\Scanner.jpg"
    },
    {
        "ID": 73,
        "Type": "Scanner",
        "Manufacturer": "Dell",
        "Price": 10907,
        "Serial Number": 3700728962,
        "Status": "Used",
        "Location": "Brno",
        "Size": "Small",
        "Purchase Date": "2024-09-24",
        "Image Path": "images\\Scanner.jpg"
    },
    {
        "ID": 74,
        "Type": "Scanner",
        "Manufacturer": "Lenovo",
        "Price": 45183,
        "Serial Number": 5482575196,
        "Status": "Refurbished",
        "Location": "Ostrava",
        "Size": "Small",
        "Purchase Date": "2020-07-31",
        "Image Path": "images\\Scanner.jpg"
    },
    {
        "ID": 75,
        "Type": "Scanner",
        "Manufacturer": "Dell",
        "Price": 33057,
        "Serial Number": 4014044725,
        "Status": "Used",
        "Location": "Prague",
        "Size": "Medium",
        "Purchase Date": "2021-04-04",
        "Image Path": "images\\Scanner.jpg"
    },
    {
        "ID": 76,
        "Type": "Scanner",
        "Manufacturer": "Lenovo",
        "Price": 40915,
        "Serial Number": 6447997035,
        "Status": "Used",
        "Location": "Plzen",
        "Size": "Small",
        "Purchase Date": "2024-01-15",
        "Image Path": "images\\Scanner.jpg"
    },
    {
        "ID": 77,
        "Type": "Laptop",
        "Manufacturer": "Adwantech",
        "Price": 49661,
        "Serial Number": 7829756290,
        "Status": "Used",
        "Location": "Brno",
        "Size": "Extra Large",
        "Purchase Date": "2021-08-25",
        "Image Path": "images\\Laptop.jpg"
    },
    {
        "ID": 78,
        "Type": "Printer",
        "Manufacturer": "HP",
        "Price": 10829,
        "Serial Number": 1070769433,
        "Status": "Refurbished",
        "Location": "Prague",
        "Size": "Extra Large",
        "Purchase Date": "2024-11-15",
        "Image Path": "images\\Printer.jpg"
    },
    {
        "ID": 79,
        "Type": "Laptop",
        "Manufacturer": "Lenovo",
        "Price": 44726,
        "Serial Number": 1589562226,
        "Status": "Refurbished",
        "Location": "Prague",
        "Size": "Large",
        "Purchase Date": "2020-06-23",
        "Image Path": "images\\Laptop.jpg"
    },
    {
        "ID": 80,
        "Type": "Laptop",
        "Manufacturer": "Asus",
        "Price": 39356,
        "Serial Number": 1952058615,
        "Status": "Damaged",
        "Location": "Olomouc",
        "Size": "Extra Large",
        "Purchase Date": "2022-08-11",
        "Image Path": "images\\Laptop.jpg"
    },
    {
        "ID": 81,
        "Type": "Scanner",
        "Manufacturer": "Lenovo",
        "Price": 35851,
        "Serial Number": 1736802125,
        "Status": "Damaged",
        "Location": "Olomouc",
        "Size": "Large",
        "Purchase Date": "2024-05-21",
        "Image Path": "images\\Scanner.jpg"
    },
    {
        "ID": 82,
        "Type": "Scanner",
        "Manufacturer": "Adwantech",
        "Price": 5013,
        "Serial Number": 1830243351,
        "Status": "Used",
        "Location": "Prague",
        "Size": "Medium",
        "Purchase Date": "2021-05-29",
        "Image Path": "images\\Scanner.jpg"
    },
    {
        "ID": 83,
        "Type": "Scanner",
        "Manufacturer": "Asus",
        "Price": 26547,
        "Serial Number": 6947917464,
        "Status": "Refurbished",
        "Location": "Ostrava",
        "Size": "Small",
        "Purchase Date": "2022-07-18",
        "Image Path": "images\\Scanner.jpg"
    },
    {
        "ID": 84,
        "Type": "Scanner",
        "Manufacturer": "Dell",
        "Price": 43875,
        "Serial Number": 9820028418,
        "Status": "Used",
        "Location": "Plzen",
        "Size": "Medium",
        "Purchase Date": "2023-07-18",
        "Image Path": "images\\Scanner.jpg"
    },
    {
        "ID": 85,
        "Type": "Laptop",
        "Manufacturer": "Asus",
        "Price": 27191,
        "Serial Number": 1926889551,
        "Status": "Refurbished",
        "Location": "Plzen",
        "Size": "Large",
        "Purchase Date": "2024-08-31",
        "Image Path": "images\\Laptop.jpg"
    },
    {
        "ID": 86,
        "Type": "PC",
        "Manufacturer": "Lenovo",
        "Price": 7046,
        "Serial Number": 3910272915,
        "Status": "New",
        "Location": "Brno",
        "Size": "Medium",
        "Purchase Date": "2024-07-07",
        "Image Path": "images\\PC.jpg"
    },
    {
        "ID": 87,
        "Type": "PC",
        "Manufacturer": "Lenovo",
        "Price": 37862,
        "Serial Number": 8819389365,
        "Status": "Refurbished",
        "Location": "Ostrava",
        "Size": "Large",
        "Purchase Date": "2022-02-18",
        "Image Path": "images\\PC.jpg"
    },
    {
        "ID": 88,
        "Type": "Printer",
        "Manufacturer": "Lenovo",
        "Price": 41436,
        "Serial Number": 1463830428,
        "Status": "Used",
        "Location": "Ostrava",
        "Size": "Large",
        "Purchase Date": "2022-11-27",
        "Image Path": "images\\Printer.jpg"
    },
    {
        "ID": 89,
        "Type": "Scanner",
        "Manufacturer": "Dell",
        "Price": 40021,
        "Serial Number": 6430406033,
        "Status": "Used",
        "Location": "Prague",
        "Size": "Large",
        "Purchase Date": "2020-06-04",
        "Image Path": "images\\Scanner.jpg"
    },
    {
        "ID": 90,
        "Type": "Laptop",
        "Manufacturer": "Dell",
        "Price": 6465,
        "Serial Number": 7003355185,
        "Status": "Used",
        "Location": "Plzen",
        "Size": "Large",
        "Purchase Date": "2021-07-13",
        "Image Path": "images\\Laptop.jpg"
    },
    {
        "ID": 91,
        "Type": "Laptop",
        "Manufacturer": "Adwantech",
        "Price": 39919,
        "Serial Number": 7213011423,
        "Status": "Used",
        "Location": "Brno",
        "Size": "Small",
        "Purchase Date": "2023-02-18",
        "Image Path": "images\\Laptop.jpg"
    },
    {
        "ID": 92,
        "Type": "PC",
        "Manufacturer": "Asus",
        "Price": 20852,
        "Serial Number": 5158573518,
        "Status": "Refurbished",
        "Location": "Plzen",
        "Size": "Large",
        "Purchase Date": "2024-05-29",
        "Image Path": "images\\PC.jpg"
    },
    {
        "ID": 93,
        "Type": "Monitor",
        "Manufacturer": "Lenovo",
        "Price": 49100,
        "Serial Number": 1610201215,
        "Status": "New",
        "Location": "Olomouc",
        "Size": "Medium",
        "Purchase Date": "2022-10-03",
        "Image Path": "images\\Monitor.jpg"
    },
    {
        "ID": 94,
        "Type": "PC",
        "Manufacturer": "Asus",
        "Price": 44604,
        "Serial Number": 1914162042,
        "Status": "Damaged",
        "Location": "Ostrava",
        "Size": "Small",
        "Purchase Date": "2021-09-10",
        "Image Path": "images\\PC.jpg"
    },
    {
        "ID": 95,
        "Type": "PC",
        "Manufacturer": "Dell",
        "Price": 39150,
        "Serial Number": 3710266941,
        "Status": "New",
        "Location": "Prague",
        "Size": "Medium",
        "Purchase Date": "2024-11-11",
        "Image Path": "images\\PC.jpg"
    },
    {
        "ID": 96,
        "Type": "Laptop",
        "Manufacturer": "Adwantech",
        "Price": 42838,
        "Serial Number": 6930185571,
        "Status": "Damaged",
        "Location": "Olomouc",
        "Size": "Extra Large",
        "Purchase Date": "2023-02-05",
        "Image Path": "images\\Laptop.jpg"
    },
    {
        "ID": 97,
        "Type": "Laptop",
        "Manufacturer": "Adwantech",
        "Price": 34854,
        "Serial Number": 4676369761,
        "Status": "Used",
        "Location": "Ostrava",
        "Size": "Large",
        "Purchase Date": "2020-07-03",
        "Image Path": "images\\Laptop.jpg"
    },
    {
        "ID": 98,
        "Type": "Printer",
        "Manufacturer": "HP",
        "Price": 16700,
        "Serial Number": 3454052002,
        "Status": "Used",
        "Location": "Olomouc",
        "Size": "Medium",
        "Purchase Date": "2022-03-21",
        "Image Path": "images\\Printer.jpg"
    },
    {
        "ID": 99,
        "Type": "Printer",
        "Manufacturer": "Asus",
        "Price": 23323,
        "Serial Number": 4627989506,
        "Status": "Damaged",
        "Location": "Plzen",
        "Size": "Extra Large",
        "Purchase Date": "2024-10-28",
        "Image Path": "images\\Printer.jpg"
    },
    {
        "ID": 100,
        "Type": "PC",
        "Manufacturer": "Lenovo",
        "Price": 7822,
        "Serial Number": 4585756190,
        "Status": "Used",
        "Location": "Olomouc",
        "Size": "Small",
        "Purchase Date": "2024-04-22",
        "Image Path": "images\\PC.jpg"
    }
]